model,model_label,feature_config,station,station_key,lead,mae,rmse,n_windows
xgboost,XGBoost,F5,ABANTO,ABANTO,1,2.487802871319161,4.379975997552741,11073
xgboost,XGBoost,F5,ABANTO,ABANTO,2,3.2955321098266444,5.314491234247276,11073
xgboost,XGBoost,F5,ABANTO,ABANTO,3,3.6677135342689513,5.686499024718823,11073
xgboost,XGBoost,F5,ABANTO,ABANTO,4,3.9256539639392694,5.9699290103110965,11073
xgboost,XGBoost,F5,ABANTO,ABANTO,5,4.118866965079129,6.209410086799512,11073
xgboost,XGBoost,F5,ABANTO,ABANTO,6,4.267032418676931,6.352355501197212,11073
xgboost,XGBoost,F5,ABANTO,ABANTO,7,4.420803716030266,6.497691160615656,11073
xgboost,XGBoost,F5,ABANTO,ABANTO,8,4.546132734751385,6.636127339792408,11073
xgboost,XGBoost,F5,ABANTO,ABANTO,9,4.66107306076261,6.784329552511901,11073
xgboost,XGBoost,F5,ABANTO,ABANTO,10,4.759758013013707,6.886827501058782,11073
xgboost,XGBoost,F5,ABANTO,ABANTO,11,4.835734004935824,6.9685909895617195,11073
xgboost,XGBoost,F5,ABANTO,ABANTO,12,4.920495999502122,7.032616908485569,11073
xgboost,XGBoost,F5,ABANTO,ABANTO,13,4.9611611994238904,7.074086031522598,11073
xgboost,XGBoost,F5,ABANTO,ABANTO,14,5.042819009185279,7.184628640805058,11073
xgboost,XGBoost,F5,ABANTO,ABANTO,15,5.086022266406715,7.218146735335009,11073
xgboost,XGBoost,F5,ABANTO,ABANTO,16,5.113980745871969,7.2390279118015215,11073
xgboost,XGBoost,F5,ABANTO,ABANTO,17,5.1728661249137815,7.30644710465304,11073
xgboost,XGBoost,F5,ABANTO,ABANTO,18,5.1831974784694665,7.31693375421335,11073
xgboost,XGBoost,F5,ABANTO,ABANTO,19,5.2093138136558395,7.365250644868302,11073
xgboost,XGBoost,F5,ABANTO,ABANTO,20,5.282836082321211,7.470967181883906,11073
xgboost,XGBoost,F5,ABANTO,ABANTO,21,5.308936767436879,7.528188690877973,11073
xgboost,XGBoost,F5,ABANTO,ABANTO,22,5.351838406816274,7.609113695345301,11073
xgboost,XGBoost,F5,ABANTO,ABANTO,23,5.390623833906421,7.653614901991436,11073
xgboost,XGBoost,F5,ABANTO,ABANTO,24,5.399467790028832,7.653165472459701,11073
xgboost,XGBoost,F5,MUSKIZ,MUSKIZ,1,1.9842516712565619,3.7338115312238958,11012
xgboost,XGBoost,F5,MUSKIZ,MUSKIZ,2,2.680166463266491,4.853142952658003,11012
xgboost,XGBoost,F5,MUSKIZ,MUSKIZ,3,3.1204666109505976,5.4693024349691255,11012
xgboost,XGBoost,F5,MUSKIZ,MUSKIZ,4,3.4168341854161626,5.878242335990515,11012
xgboost,XGBoost,F5,MUSKIZ,MUSKIZ,5,3.639544874094115,6.12644730180554,11012
xgboost,XGBoost,F5,MUSKIZ,MUSKIZ,6,3.820144658581456,6.334941548325602,11012
xgboost,XGBoost,F5,MUSKIZ,MUSKIZ,7,3.952356686429288,6.484440434832299,11012
xgboost,XGBoost,F5,MUSKIZ,MUSKIZ,8,4.084746715267312,6.638974838058333,11012
xgboost,XGBoost,F5,MUSKIZ,MUSKIZ,9,4.216880348046563,6.768624625662696,11012
xgboost,XGBoost,F5,MUSKIZ,MUSKIZ,10,4.3009666646128775,6.8796702674375,11012
xgboost,XGBoost,F5,MUSKIZ,MUSKIZ,11,4.358744827673905,6.916906887973777,11012
xgboost,XGBoost,F5,MUSKIZ,MUSKIZ,12,4.440771330563407,6.972051620750968,11012
xgboost,XGBoost,F5,MUSKIZ,MUSKIZ,13,4.4726470912581044,7.005937744849879,11012
xgboost,XGBoost,F5,MUSKIZ,MUSKIZ,14,4.519871085611552,7.050898854019217,11012
xgboost,XGBoost,F5,MUSKIZ,MUSKIZ,15,4.599079306044234,7.188079035751239,11012
xgboost,XGBoost,F5,MUSKIZ,MUSKIZ,16,4.66941423070591,7.3389997792482475,11012
xgboost,XGBoost,F5,MUSKIZ,MUSKIZ,17,4.69462531547394,7.4096855162892785,11012
xgboost,XGBoost,F5,MUSKIZ,MUSKIZ,18,4.760378714565619,7.501911760716924,11012
xgboost,XGBoost,F5,MUSKIZ,MUSKIZ,19,4.770397886725889,7.549886751494864,11012
xgboost,XGBoost,F5,MUSKIZ,MUSKIZ,20,4.813253911633601,7.696903252357747,11012
xgboost,XGBoost,F5,MUSKIZ,MUSKIZ,21,4.822459937874031,7.805040270807169,11012
xgboost,XGBoost,F5,MUSKIZ,MUSKIZ,22,4.848494696868276,7.86652034171358,11012
xgboost,XGBoost,F5,MUSKIZ,MUSKIZ,23,4.887369931285441,8.027402593687539,11012
xgboost,XGBoost,F5,MUSKIZ,MUSKIZ,24,4.9258979889335865,8.038250680582847,11012
xgboost,XGBoost,F5,ALONSOTEGI,ALONSOTEGI,1,2.2749592514015196,3.80442870397352,10833
xgboost,XGBoost,F5,ALONSOTEGI,ALONSOTEGI,2,3.644753268900026,5.358531859967169,10833
xgboost,XGBoost,F5,ALONSOTEGI,ALONSOTEGI,3,4.476774536604852,6.517171405144111,10833
xgboost,XGBoost,F5,ALONSOTEGI,ALONSOTEGI,4,4.922932202395867,7.1582102393399225,10833
xgboost,XGBoost,F5,ALONSOTEGI,ALONSOTEGI,5,5.160117696177362,7.5150418365972405,10833
xgboost,XGBoost,F5,ALONSOTEGI,ALONSOTEGI,6,5.319629010847816,7.699507169498333,10833
xgboost,XGBoost,F5,ALONSOTEGI,ALONSOTEGI,7,5.440590667755421,7.879017584608853,10833
xgboost,XGBoost,F5,ALONSOTEGI,ALONSOTEGI,8,5.526259087992432,8.049981750597942,10833
xgboost,XGBoost,F5,ALONSOTEGI,ALONSOTEGI,9,5.606374927145022,8.110851075678433,10833
xgboost,XGBoost,F5,ALONSOTEGI,ALONSOTEGI,10,5.648582153611706,8.108629796223417,10833
xgboost,XGBoost,F5,ALONSOTEGI,ALONSOTEGI,11,5.685373236133178,8.087929755897367,10833
xgboost,XGBoost,F5,ALONSOTEGI,ALONSOTEGI,12,5.707847699029156,8.08605779369178,10833
xgboost,XGBoost,F5,ALONSOTEGI,ALONSOTEGI,13,5.75620110651402,8.140977661998503,10833
xgboost,XGBoost,F5,ALONSOTEGI,ALONSOTEGI,14,5.855184207802871,8.305195969888839,10833
xgboost,XGBoost,F5,ALONSOTEGI,ALONSOTEGI,15,5.906484101052585,8.36888569265528,10833
xgboost,XGBoost,F5,ALONSOTEGI,ALONSOTEGI,16,5.94333411981929,8.388380153890918,10833
xgboost,XGBoost,F5,ALONSOTEGI,ALONSOTEGI,17,5.983136719925785,8.396191181579157,10833
xgboost,XGBoost,F5,ALONSOTEGI,ALONSOTEGI,18,6.033564479553743,8.434508484013348,10833
xgboost,XGBoost,F5,ALONSOTEGI,ALONSOTEGI,19,6.05237323263065,8.508022024409428,10833
xgboost,XGBoost,F5,ALONSOTEGI,ALONSOTEGI,20,6.079517047094702,8.606058588196806,10833
xgboost,XGBoost,F5,ALONSOTEGI,ALONSOTEGI,21,6.122008154247646,8.763980886838056,10833
xgboost,XGBoost,F5,ALONSOTEGI,ALONSOTEGI,22,6.157324834465485,8.904711378053086,10833
xgboost,XGBoost,F5,ALONSOTEGI,ALONSOTEGI,23,6.214571417131814,9.05406522648457,10833
xgboost,XGBoost,F5,ALONSOTEGI,ALONSOTEGI,24,6.294047723590728,9.211766263770693,10833
xgboost,XGBoost,F5,MAZARREDO,MAZARREDO,1,2.3491612529536323,3.977363625485231,10484
xgboost,XGBoost,F5,MAZARREDO,MAZARREDO,2,3.2948207617351817,5.290886230685795,10484
xgboost,XGBoost,F5,MAZARREDO,MAZARREDO,3,3.7915287635927664,5.921967177823559,10484
xgboost,XGBoost,F5,MAZARREDO,MAZARREDO,4,4.1284445313632325,6.335180060040255,10484
xgboost,XGBoost,F5,MAZARREDO,MAZARREDO,5,4.361255034514394,6.602839829997649,10484
xgboost,XGBoost,F5,MAZARREDO,MAZARREDO,6,4.562596984784688,6.872631317965541,10484
xgboost,XGBoost,F5,MAZARREDO,MAZARREDO,7,4.682173429395988,7.030076717890245,10484
xgboost,XGBoost,F5,MAZARREDO,MAZARREDO,8,4.816982319044821,7.115287769208568,10484
xgboost,XGBoost,F5,MAZARREDO,MAZARREDO,9,4.936638735351286,7.243956154695983,10484
xgboost,XGBoost,F5,MAZARREDO,MAZARREDO,10,5.023611997475564,7.310159019208399,10484
xgboost,XGBoost,F5,MAZARREDO,MAZARREDO,11,5.08049282978528,7.396700215382991,10484
xgboost,XGBoost,F5,MAZARREDO,MAZARREDO,12,5.155185186967555,7.497491607269915,10484
xgboost,XGBoost,F5,MAZARREDO,MAZARREDO,13,5.211823014165099,7.561853924735516,10484
xgboost,XGBoost,F5,MAZARREDO,MAZARREDO,14,5.285038015579549,7.616127359692247,10484
xgboost,XGBoost,F5,MAZARREDO,MAZARREDO,15,5.349188688555459,7.731450822085321,10484
xgboost,XGBoost,F5,MAZARREDO,MAZARREDO,16,5.3791784062179975,7.773338811592727,10484
xgboost,XGBoost,F5,MAZARREDO,MAZARREDO,17,5.426444245085194,7.850034113518208,10484
xgboost,XGBoost,F5,MAZARREDO,MAZARREDO,18,5.484731941039396,8.0337207783938,10484
xgboost,XGBoost,F5,MAZARREDO,MAZARREDO,19,5.54050727501847,8.176333796358842,10484
xgboost,XGBoost,F5,MAZARREDO,MAZARREDO,20,5.591526198960223,8.306546704431325,10484
xgboost,XGBoost,F5,MAZARREDO,MAZARREDO,21,5.648781257428908,8.417567033491475,10484
xgboost,XGBoost,F5,MAZARREDO,MAZARREDO,22,5.685965595878476,8.539471258411597,10484
xgboost,XGBoost,F5,MAZARREDO,MAZARREDO,23,5.714347735792114,8.605207939523435,10484
xgboost,XGBoost,F5,MAZARREDO,MAZARREDO,24,5.736355330824898,8.67148401550417,10484
xgboost,XGBoost,F5,SAN_MIGUEL,SAN_MIGUEL,1,1.6125888599798919,2.4709028808679427,10882
xgboost,XGBoost,F5,SAN_MIGUEL,SAN_MIGUEL,2,2.657343675491897,3.8405159555554156,10882
xgboost,XGBoost,F5,SAN_MIGUEL,SAN_MIGUEL,3,3.3243071433364526,4.666538441774935,10882
xgboost,XGBoost,F5,SAN_MIGUEL,SAN_MIGUEL,4,3.7587940789475836,5.202529241223645,10882
xgboost,XGBoost,F5,SAN_MIGUEL,SAN_MIGUEL,5,4.167841205522113,5.737591644708605,10882
xgboost,XGBoost,F5,SAN_MIGUEL,SAN_MIGUEL,6,4.41744867727566,6.018494926780065,10882
xgboost,XGBoost,F5,SAN_MIGUEL,SAN_MIGUEL,7,4.700109951012213,6.495725459842648,10882
xgboost,XGBoost,F5,SAN_MIGUEL,SAN_MIGUEL,8,4.821976038336127,6.770023485379727,10882
xgboost,XGBoost,F5,SAN_MIGUEL,SAN_MIGUEL,9,5.03889074664677,7.016692188792577,10882
xgboost,XGBoost,F5,SAN_MIGUEL,SAN_MIGUEL,10,5.184094504457307,7.250628862339458,10882
xgboost,XGBoost,F5,SAN_MIGUEL,SAN_MIGUEL,11,5.283809947362931,7.335511126147479,10882
xgboost,XGBoost,F5,SAN_MIGUEL,SAN_MIGUEL,12,5.464418972409384,7.627770793036476,10882
xgboost,XGBoost,F5,SAN_MIGUEL,SAN_MIGUEL,13,5.377846186110304,7.5049040428423375,10882
xgboost,XGBoost,F5,SAN_MIGUEL,SAN_MIGUEL,14,5.4623875008403715,7.661038855756569,10882
xgboost,XGBoost,F5,SAN_MIGUEL,SAN_MIGUEL,15,5.611628812181522,7.802000056635411,10882
xgboost,XGBoost,F5,SAN_MIGUEL,SAN_MIGUEL,16,5.525073379666284,7.578342427088156,10882
xgboost,XGBoost,F5,SAN_MIGUEL,SAN_MIGUEL,17,5.541217620158564,7.450077675885377,10882
xgboost,XGBoost,F5,SAN_MIGUEL,SAN_MIGUEL,18,5.477371191758265,7.195917991194057,10882
xgboost,XGBoost,F5,SAN_MIGUEL,SAN_MIGUEL,19,5.356243364892912,6.930199794041817,10882
xgboost,XGBoost,F5,SAN_MIGUEL,SAN_MIGUEL,20,5.458008187679901,6.983741310266706,10882
xgboost,XGBoost,F5,SAN_MIGUEL,SAN_MIGUEL,21,5.4380895498042365,6.941909795146527,10882
xgboost,XGBoost,F5,SAN_MIGUEL,SAN_MIGUEL,22,5.4865909592875655,6.981782258270021,10882
xgboost,XGBoost,F5,SAN_MIGUEL,SAN_MIGUEL,23,5.616682234518766,7.122886193237841,10882
xgboost,XGBoost,F5,SAN_MIGUEL,SAN_MIGUEL,24,5.615657652689148,7.121585186876842,10882
xgboost,XGBoost,F5,LAS_CARRERAS,LAS_CARRERAS,1,3.2696054253272595,5.601181486778985,10907
xgboost,XGBoost,F5,LAS_CARRERAS,LAS_CARRERAS,2,4.1491895061677235,6.767671911526847,10907
xgboost,XGBoost,F5,LAS_CARRERAS,LAS_CARRERAS,3,4.665442583748277,7.501926299584913,10907
xgboost,XGBoost,F5,LAS_CARRERAS,LAS_CARRERAS,4,4.98547614128985,7.844578693376833,10907
xgboost,XGBoost,F5,LAS_CARRERAS,LAS_CARRERAS,5,5.220851989564925,8.028022242960793,10907
xgboost,XGBoost,F5,LAS_CARRERAS,LAS_CARRERAS,6,5.433665424653652,8.20072805028685,10907
xgboost,XGBoost,F5,LAS_CARRERAS,LAS_CARRERAS,7,5.547573671011305,8.292090757371064,10907
xgboost,XGBoost,F5,LAS_CARRERAS,LAS_CARRERAS,8,5.66893059682527,8.388739015921594,10907
xgboost,XGBoost,F5,LAS_CARRERAS,LAS_CARRERAS,9,5.789292999549825,8.517341346499105,10907
xgboost,XGBoost,F5,LAS_CARRERAS,LAS_CARRERAS,10,5.922740003589838,8.691021234773123,10907
xgboost,XGBoost,F5,LAS_CARRERAS,LAS_CARRERAS,11,5.9929985756549256,8.736278184925931,10907
xgboost,XGBoost,F5,LAS_CARRERAS,LAS_CARRERAS,12,6.107087419003978,8.966791774867323,10907
xgboost,XGBoost,F5,LAS_CARRERAS,LAS_CARRERAS,13,6.19187345550228,9.123589917538197,10907
xgboost,XGBoost,F5,LAS_CARRERAS,LAS_CARRERAS,14,6.305470405539092,9.368469762470893,10907
xgboost,XGBoost,F5,LAS_CARRERAS,LAS_CARRERAS,15,6.360243147952075,9.44715288606167,10907
xgboost,XGBoost,F5,LAS_CARRERAS,LAS_CARRERAS,16,6.3779376661175275,9.349624152557116,10907
xgboost,XGBoost,F5,LAS_CARRERAS,LAS_CARRERAS,17,6.468675515167958,9.585851913311933,10907
xgboost,XGBoost,F5,LAS_CARRERAS,LAS_CARRERAS,18,6.453431215580917,9.34319892472129,10907
xgboost,XGBoost,F5,LAS_CARRERAS,LAS_CARRERAS,19,6.4638366448712015,9.333846734845798,10907
xgboost,XGBoost,F5,LAS_CARRERAS,LAS_CARRERAS,20,6.470853518355479,9.355494655863387,10907
xgboost,XGBoost,F5,LAS_CARRERAS,LAS_CARRERAS,21,6.47357654125605,9.310563815773216,10907
xgboost,XGBoost,F5,LAS_CARRERAS,LAS_CARRERAS,22,6.5855177283625865,9.582420850485205,10907
xgboost,XGBoost,F5,LAS_CARRERAS,LAS_CARRERAS,23,6.614595346056465,9.705161902719295,10907
xgboost,XGBoost,F5,LAS_CARRERAS,LAS_CARRERAS,24,6.61802424149038,9.741875170362874,10907
xgboost,XGBoost,F5,SANGRONIZ,SANGRONIZ,1,3.6236716846081634,6.083010610532172,11079
xgboost,XGBoost,F5,SANGRONIZ,SANGRONIZ,2,4.540468257981439,7.273448830618372,11079
xgboost,XGBoost,F5,SANGRONIZ,SANGRONIZ,3,4.9795101991693125,7.746123744607989,11079
xgboost,XGBoost,F5,SANGRONIZ,SANGRONIZ,4,5.307724294534217,8.098104829991176,11079
xgboost,XGBoost,F5,SANGRONIZ,SANGRONIZ,5,5.578496687710743,8.39922936078197,11079
xgboost,XGBoost,F5,SANGRONIZ,SANGRONIZ,6,5.773780921271846,8.60647459357821,11079
xgboost,XGBoost,F5,SANGRONIZ,SANGRONIZ,7,5.928209589797136,8.755228944352572,11079
xgboost,XGBoost,F5,SANGRONIZ,SANGRONIZ,8,6.035638745591382,8.855307428414397,11079
xgboost,XGBoost,F5,SANGRONIZ,SANGRONIZ,9,6.176035278314115,8.961647460119785,11079
xgboost,XGBoost,F5,SANGRONIZ,SANGRONIZ,10,6.276048365154899,9.05676511245001,11079
xgboost,XGBoost,F5,SANGRONIZ,SANGRONIZ,11,6.364980096754179,9.12979059650961,11079
xgboost,XGBoost,F5,SANGRONIZ,SANGRONIZ,12,6.49024731325903,9.23900939098167,11079
xgboost,XGBoost,F5,SANGRONIZ,SANGRONIZ,13,6.53702402289179,9.288182593045603,11079
xgboost,XGBoost,F5,SANGRONIZ,SANGRONIZ,14,6.61099594620034,9.35057899425031,11079
xgboost,XGBoost,F5,SANGRONIZ,SANGRONIZ,15,6.665931371868233,9.396487708197109,11079
xgboost,XGBoost,F5,SANGRONIZ,SANGRONIZ,16,6.703358434255679,9.457066581004682,11079
xgboost,XGBoost,F5,SANGRONIZ,SANGRONIZ,17,6.825441229245499,9.590500772523484,11079
xgboost,XGBoost,F5,SANGRONIZ,SANGRONIZ,18,6.800890994799332,9.613522412411626,11079
xgboost,XGBoost,F5,SANGRONIZ,SANGRONIZ,19,6.837058198420792,9.70033238553497,11079
xgboost,XGBoost,F5,SANGRONIZ,SANGRONIZ,20,6.86850098935649,9.77755077760838,11079
xgboost,XGBoost,F5,SANGRONIZ,SANGRONIZ,21,6.941163597731871,9.90111276998984,11079
xgboost,XGBoost,F5,SANGRONIZ,SANGRONIZ,22,6.975500592256627,9.975251406708622,11079
xgboost,XGBoost,F5,SANGRONIZ,SANGRONIZ,23,7.039079148326715,10.067581289779328,11079
xgboost,XGBoost,F5,SANGRONIZ,SANGRONIZ,24,7.069540366701232,10.140095544126002,11079
xgboost,XGBoost,F5,EUROPA,EUROPA,1,2.5851148113511546,4.44451060278253,10851
xgboost,XGBoost,F5,EUROPA,EUROPA,2,3.5839805673612513,5.903013101192112,10851
xgboost,XGBoost,F5,EUROPA,EUROPA,3,4.172551820908985,6.622634218535444,10851
xgboost,XGBoost,F5,EUROPA,EUROPA,4,4.535875169900022,7.086286172303408,10851
xgboost,XGBoost,F5,EUROPA,EUROPA,5,4.8535394259294975,7.528627389416188,10851
xgboost,XGBoost,F5,EUROPA,EUROPA,6,5.052613690365032,7.741662231478592,10851
xgboost,XGBoost,F5,EUROPA,EUROPA,7,5.2305910006727165,7.984025096751348,10851
xgboost,XGBoost,F5,EUROPA,EUROPA,8,5.390366724356783,8.175807003150831,10851
xgboost,XGBoost,F5,EUROPA,EUROPA,9,5.525147323553029,8.283492340607431,10851
xgboost,XGBoost,F5,EUROPA,EUROPA,10,5.607131597471396,8.375877936359604,10851
xgboost,XGBoost,F5,EUROPA,EUROPA,11,5.729776821968061,8.481717501144223,10851
xgboost,XGBoost,F5,EUROPA,EUROPA,12,5.849156119270639,8.582091919373276,10851
xgboost,XGBoost,F5,EUROPA,EUROPA,13,5.943814030595336,8.692321710412259,10851
xgboost,XGBoost,F5,EUROPA,EUROPA,14,6.026041260315805,8.764957286723696,10851
xgboost,XGBoost,F5,EUROPA,EUROPA,15,6.164856594335691,9.007831827808683,10851
xgboost,XGBoost,F5,EUROPA,EUROPA,16,6.215555531139715,9.062664626926466,10851
xgboost,XGBoost,F5,EUROPA,EUROPA,17,6.324988701609178,9.223159565302531,10851
xgboost,XGBoost,F5,EUROPA,EUROPA,18,6.392732446121847,9.328428628646709,10851
xgboost,XGBoost,F5,EUROPA,EUROPA,19,6.410119899417187,9.38530958976774,10851
xgboost,XGBoost,F5,EUROPA,EUROPA,20,6.430474412769736,9.367875029781777,10851
xgboost,XGBoost,F5,EUROPA,EUROPA,21,6.503950193245591,9.471939931435195,10851
xgboost,XGBoost,F5,EUROPA,EUROPA,22,6.573951781221759,9.659608331019442,10851
xgboost,XGBoost,F5,EUROPA,EUROPA,23,6.627089377504682,9.737198575206602,10851
xgboost,XGBoost,F5,EUROPA,EUROPA,24,6.654280544151283,9.832890359737183,10851
xgboost,XGBoost,F5,CASTREJANA,CASTREJANA,1,2.767068498716323,4.7466831516301635,10976
xgboost,XGBoost,F5,CASTREJANA,CASTREJANA,2,4.5276610366674275,6.932414941130278,10976
xgboost,XGBoost,F5,CASTREJANA,CASTREJANA,3,5.5596684866717885,8.19393202470019,10976
xgboost,XGBoost,F5,CASTREJANA,CASTREJANA,4,6.123048033880249,8.810570937912107,10976
xgboost,XGBoost,F5,CASTREJANA,CASTREJANA,5,6.441953307294637,9.098093363448081,10976
xgboost,XGBoost,F5,CASTREJANA,CASTREJANA,6,6.663244374422221,9.29680838252638,10976
xgboost,XGBoost,F5,CASTREJANA,CASTREJANA,7,6.770125902407197,9.444704253663902,10976
xgboost,XGBoost,F5,CASTREJANA,CASTREJANA,8,6.855623813416624,9.561548027055354,10976
xgboost,XGBoost,F5,CASTREJANA,CASTREJANA,9,6.944512792691892,9.696834111468894,10976
xgboost,XGBoost,F5,CASTREJANA,CASTREJANA,10,7.047147781047807,9.877006542025622,10976
xgboost,XGBoost,F5,CASTREJANA,CASTREJANA,11,7.0862212536025675,9.967013125922886,10976
xgboost,XGBoost,F5,CASTREJANA,CASTREJANA,12,7.119232117000196,9.955942205080765,10976
xgboost,XGBoost,F5,CASTREJANA,CASTREJANA,13,7.164643791908773,9.971481608979223,10976
xgboost,XGBoost,F5,CASTREJANA,CASTREJANA,14,7.190680561321122,9.955093429618163,10976
xgboost,XGBoost,F5,CASTREJANA,CASTREJANA,15,7.250595759654705,10.02087807886367,10976
xgboost,XGBoost,F5,CASTREJANA,CASTREJANA,16,7.291302947322064,10.080758427721346,10976
xgboost,XGBoost,F5,CASTREJANA,CASTREJANA,17,7.324323009341173,10.151108644744859,10976
xgboost,XGBoost,F5,CASTREJANA,CASTREJANA,18,7.370651475194592,10.217744644779236,10976
xgboost,XGBoost,F5,CASTREJANA,CASTREJANA,19,7.4112406598496365,10.280741114556607,10976
xgboost,XGBoost,F5,CASTREJANA,CASTREJANA,20,7.462857166440946,10.405145730976505,10976
xgboost,XGBoost,F5,CASTREJANA,CASTREJANA,21,7.47974144295944,10.553724935460286,10976
xgboost,XGBoost,F5,CASTREJANA,CASTREJANA,22,7.507941844620614,10.565657039975054,10976
xgboost,XGBoost,F5,CASTREJANA,CASTREJANA,23,7.575127107582704,10.785430886014721,10976
xgboost,XGBoost,F5,CASTREJANA,CASTREJANA,24,7.571347743077285,10.78949545795072,10976
xgboost,XGBoost,F5,Mª_DIAZ_HARO,M_DIAZ_HARO,1,2.3397965545423363,4.367183103708262,10395
xgboost,XGBoost,F5,Mª_DIAZ_HARO,M_DIAZ_HARO,2,3.3153563866982196,5.64046393078274,10395
xgboost,XGBoost,F5,Mª_DIAZ_HARO,M_DIAZ_HARO,3,3.9386912649326264,6.3472967677354655,10395
xgboost,XGBoost,F5,Mª_DIAZ_HARO,M_DIAZ_HARO,4,4.3197539171464685,6.841831776632813,10395
xgboost,XGBoost,F5,Mª_DIAZ_HARO,M_DIAZ_HARO,5,4.629087216380541,7.262577990722376,10395
xgboost,XGBoost,F5,Mª_DIAZ_HARO,M_DIAZ_HARO,6,4.848580890751304,7.6085626612937265,10395
xgboost,XGBoost,F5,Mª_DIAZ_HARO,M_DIAZ_HARO,7,5.121153505583898,7.904724855596297,10395
xgboost,XGBoost,F5,Mª_DIAZ_HARO,M_DIAZ_HARO,8,5.389941707936516,8.157326198937968,10395
xgboost,XGBoost,F5,Mª_DIAZ_HARO,M_DIAZ_HARO,9,5.454799347753784,8.222995497725652,10395
xgboost,XGBoost,F5,Mª_DIAZ_HARO,M_DIAZ_HARO,10,5.616637848407754,8.306628204305612,10395
xgboost,XGBoost,F5,Mª_DIAZ_HARO,M_DIAZ_HARO,11,5.79945763167157,8.535701156937714,10395
xgboost,XGBoost,F5,Mª_DIAZ_HARO,M_DIAZ_HARO,12,5.882202451272961,8.564953479116337,10395
xgboost,XGBoost,F5,Mª_DIAZ_HARO,M_DIAZ_HARO,13,5.984077351623111,8.673350527345743,10395
xgboost,XGBoost,F5,Mª_DIAZ_HARO,M_DIAZ_HARO,14,6.014641697781081,8.697147886622934,10395
xgboost,XGBoost,F5,Mª_DIAZ_HARO,M_DIAZ_HARO,15,6.265728325464509,9.006121625317078,10395
xgboost,XGBoost,F5,Mª_DIAZ_HARO,M_DIAZ_HARO,16,6.274403116621611,9.010677160665,10395
xgboost,XGBoost,F5,Mª_DIAZ_HARO,M_DIAZ_HARO,17,6.390089848472729,9.163543583111226,10395
xgboost,XGBoost,F5,Mª_DIAZ_HARO,M_DIAZ_HARO,18,6.458603067152442,9.329091268493155,10395
xgboost,XGBoost,F5,Mª_DIAZ_HARO,M_DIAZ_HARO,19,6.528333184055665,9.522686812910758,10395
xgboost,XGBoost,F5,Mª_DIAZ_HARO,M_DIAZ_HARO,20,6.592457965852091,9.641249149875822,10395
xgboost,XGBoost,F5,Mª_DIAZ_HARO,M_DIAZ_HARO,21,6.5971737751598365,9.696429714335123,10395
xgboost,XGBoost,F5,Mª_DIAZ_HARO,M_DIAZ_HARO,22,6.770903896517109,9.934298598572871,10395
xgboost,XGBoost,F5,Mª_DIAZ_HARO,M_DIAZ_HARO,23,6.793807302626811,9.998526420495216,10395
xgboost,XGBoost,F5,Mª_DIAZ_HARO,M_DIAZ_HARO,24,6.84449448196747,10.05539996568179,10395
xgboost,XGBoost,F5,ARRAIZ_Monte,ARRAIZ_MONTE,1,1.8614029196587625,3.3969147731921305,10951
xgboost,XGBoost,F5,ARRAIZ_Monte,ARRAIZ_MONTE,2,2.7318290933133964,4.432635781010654,10951
xgboost,XGBoost,F5,ARRAIZ_Monte,ARRAIZ_MONTE,3,3.449324357687424,5.41383219204914,10951
xgboost,XGBoost,F5,ARRAIZ_Monte,ARRAIZ_MONTE,4,4.0451003334829165,6.225498430424534,10951
xgboost,XGBoost,F5,ARRAIZ_Monte,ARRAIZ_MONTE,5,4.5187071694945455,6.81504269017293,10951
xgboost,XGBoost,F5,ARRAIZ_Monte,ARRAIZ_MONTE,6,4.765892979217201,7.193106038713133,10951
xgboost,XGBoost,F5,ARRAIZ_Monte,ARRAIZ_MONTE,7,5.0763335751636465,7.524482828789358,10951
xgboost,XGBoost,F5,ARRAIZ_Monte,ARRAIZ_MONTE,8,5.286266756279807,7.743290779578429,10951
xgboost,XGBoost,F5,ARRAIZ_Monte,ARRAIZ_MONTE,9,5.448229028895645,7.9727376036372934,10951
xgboost,XGBoost,F5,ARRAIZ_Monte,ARRAIZ_MONTE,10,5.528931432120681,8.069012554660972,10951
xgboost,XGBoost,F5,ARRAIZ_Monte,ARRAIZ_MONTE,11,5.73791992864634,8.27497399189037,10951
xgboost,XGBoost,F5,ARRAIZ_Monte,ARRAIZ_MONTE,12,5.713143456162911,8.3314891450325,10951
xgboost,XGBoost,F5,ARRAIZ_Monte,ARRAIZ_MONTE,13,5.8767222489475515,8.448488910067125,10951
xgboost,XGBoost,F5,ARRAIZ_Monte,ARRAIZ_MONTE,14,5.958165045116995,8.551019514424372,10951
xgboost,XGBoost,F5,ARRAIZ_Monte,ARRAIZ_MONTE,15,5.966736382840445,8.640038564955244,10951
xgboost,XGBoost,F5,ARRAIZ_Monte,ARRAIZ_MONTE,16,6.143796573297457,8.80477394274997,10951
xgboost,XGBoost,F5,ARRAIZ_Monte,ARRAIZ_MONTE,17,6.259423316156425,8.938911803767327,10951
xgboost,XGBoost,F5,ARRAIZ_Monte,ARRAIZ_MONTE,18,6.459447627235859,9.160901227788685,10951
xgboost,XGBoost,F5,ARRAIZ_Monte,ARRAIZ_MONTE,19,6.459304115340303,9.188772189343592,10951
xgboost,XGBoost,F5,ARRAIZ_Monte,ARRAIZ_MONTE,20,6.494456294214069,9.346794387572974,10951
xgboost,XGBoost,F5,ARRAIZ_Monte,ARRAIZ_MONTE,21,6.542882429052298,9.379622469122756,10951
xgboost,XGBoost,F5,ARRAIZ_Monte,ARRAIZ_MONTE,22,6.550361613292867,9.453792175260602,10951
xgboost,XGBoost,F5,ARRAIZ_Monte,ARRAIZ_MONTE,23,6.67597009468956,9.599163376924926,10951
xgboost,XGBoost,F5,ARRAIZ_Monte,ARRAIZ_MONTE,24,6.852243437330294,9.596789605939202,10951
xgboost,XGBoost,F5,SANTURCE,SANTURCE,1,3.6863001419603556,5.528346510075852,11018
xgboost,XGBoost,F5,SANTURCE,SANTURCE,2,4.350882831492297,6.214807953201829,11018
xgboost,XGBoost,F5,SANTURCE,SANTURCE,3,4.781852612285091,6.672395098224617,11018
xgboost,XGBoost,F5,SANTURCE,SANTURCE,4,5.1184959099694805,7.040948902344613,11018
xgboost,XGBoost,F5,SANTURCE,SANTURCE,5,5.418709015668813,7.356194099820371,11018
xgboost,XGBoost,F5,SANTURCE,SANTURCE,6,5.619133042324085,7.598417735353424,11018
xgboost,XGBoost,F5,SANTURCE,SANTURCE,7,5.907138211862603,7.895337284552437,11018
xgboost,XGBoost,F5,SANTURCE,SANTURCE,8,6.0217635433997145,8.033174256569893,11018
xgboost,XGBoost,F5,SANTURCE,SANTURCE,9,6.216462013552249,8.253213446783146,11018
xgboost,XGBoost,F5,SANTURCE,SANTURCE,10,6.297361406879213,8.296342360661003,11018
xgboost,XGBoost,F5,SANTURCE,SANTURCE,11,6.456031732884655,8.49645021331491,11018
xgboost,XGBoost,F5,SANTURCE,SANTURCE,12,6.540832748168998,8.601055008656102,11018
xgboost,XGBoost,F5,SANTURCE,SANTURCE,13,6.6899454371209455,8.748325535808632,11018
xgboost,XGBoost,F5,SANTURCE,SANTURCE,14,6.788500372522603,8.848526547680702,11018
xgboost,XGBoost,F5,SANTURCE,SANTURCE,15,6.865381327617144,8.933206327534947,11018
xgboost,XGBoost,F5,SANTURCE,SANTURCE,16,6.984750744954149,9.076443312207537,11018
xgboost,XGBoost,F5,SANTURCE,SANTURCE,17,7.033811433234347,9.134416258908926,11018
xgboost,XGBoost,F5,SANTURCE,SANTURCE,18,7.188155387745814,9.32843311672017,11018
xgboost,XGBoost,F5,SANTURCE,SANTURCE,19,7.267016507251052,9.448217365996191,11018
xgboost,XGBoost,F5,SANTURCE,SANTURCE,20,7.369577007342173,9.622960014492872,11018
xgboost,XGBoost,F5,SANTURCE,SANTURCE,21,7.360089961619922,9.629636619646003,11018
xgboost,XGBoost,F5,SANTURCE,SANTURCE,22,7.40370102481804,9.680496980235521,11018
xgboost,XGBoost,F5,SANTURCE,SANTURCE,23,7.436160700272294,9.723093817826689,11018
xgboost,XGBoost,F5,SANTURCE,SANTURCE,24,7.475002213341503,9.756802176984012,11018
xgboost,XGBoost,F5,BARAKALDO,BARAKALDO,1,3.8303234058484286,6.288215871994249,10691
xgboost,XGBoost,F5,BARAKALDO,BARAKALDO,2,4.9169585571305765,7.8439776157993135,10691
xgboost,XGBoost,F5,BARAKALDO,BARAKALDO,3,5.410184369239733,8.447884849958315,10691
xgboost,XGBoost,F5,BARAKALDO,BARAKALDO,4,5.736373145197024,8.837099675556303,10691
xgboost,XGBoost,F5,BARAKALDO,BARAKALDO,5,5.999923475432832,9.154020677274623,10691
xgboost,XGBoost,F5,BARAKALDO,BARAKALDO,6,6.187086573500133,9.392323918582537,10691
xgboost,XGBoost,F5,BARAKALDO,BARAKALDO,7,6.37458008497606,9.638659285706986,10691
xgboost,XGBoost,F5,BARAKALDO,BARAKALDO,8,6.480259017613244,9.775015924504311,10691
xgboost,XGBoost,F5,BARAKALDO,BARAKALDO,9,6.60409778761853,9.823070459264613,10691
xgboost,XGBoost,F5,BARAKALDO,BARAKALDO,10,6.70841928132754,9.920221199521059,10691
xgboost,XGBoost,F5,BARAKALDO,BARAKALDO,11,6.7835225557412135,9.996597045085819,10691
xgboost,XGBoost,F5,BARAKALDO,BARAKALDO,12,6.841881513544185,10.084186996876209,10691
xgboost,XGBoost,F5,BARAKALDO,BARAKALDO,13,6.942471660815482,10.199879015504676,10691
xgboost,XGBoost,F5,BARAKALDO,BARAKALDO,14,6.999635276748304,10.248875203883886,10691
xgboost,XGBoost,F5,BARAKALDO,BARAKALDO,15,7.039333221027663,10.303022138282806,10691
xgboost,XGBoost,F5,BARAKALDO,BARAKALDO,16,7.112531729215362,10.430831140436414,10691
xgboost,XGBoost,F5,BARAKALDO,BARAKALDO,17,7.180685310830311,10.518155330421328,10691
xgboost,XGBoost,F5,BARAKALDO,BARAKALDO,18,7.2355553555051,10.6080808427995,10691
xgboost,XGBoost,F5,BARAKALDO,BARAKALDO,19,7.299039948367573,10.694783852162445,10691
xgboost,XGBoost,F5,BARAKALDO,BARAKALDO,20,7.339461453696537,10.774881188496098,10691
xgboost,XGBoost,F5,BARAKALDO,BARAKALDO,21,7.391296116961843,10.86770089882713,10691
xgboost,XGBoost,F5,BARAKALDO,BARAKALDO,22,7.399186451399401,10.922181028169271,10691
xgboost,XGBoost,F5,BARAKALDO,BARAKALDO,23,7.449987664352928,10.97257853728258,10691
xgboost,XGBoost,F5,BARAKALDO,BARAKALDO,24,7.464151589720138,11.009058177963404,10691
xgboost,XGBoost,F5,SAN_JULIAN,SAN_JULIAN,1,4.071761642855239,6.489848819331847,11004
xgboost,XGBoost,F5,SAN_JULIAN,SAN_JULIAN,2,4.978200766053125,7.662786055549937,11004
xgboost,XGBoost,F5,SAN_JULIAN,SAN_JULIAN,3,5.409327755761727,8.26463075964292,11004
xgboost,XGBoost,F5,SAN_JULIAN,SAN_JULIAN,4,5.684441641509338,8.615613483640605,11004
xgboost,XGBoost,F5,SAN_JULIAN,SAN_JULIAN,5,5.915279939342785,8.961923684514638,11004
xgboost,XGBoost,F5,SAN_JULIAN,SAN_JULIAN,6,6.128160485112853,9.251227874044993,11004
xgboost,XGBoost,F5,SAN_JULIAN,SAN_JULIAN,7,6.287822306134492,9.415651133303884,11004
xgboost,XGBoost,F5,SAN_JULIAN,SAN_JULIAN,8,6.4285976942648935,9.55343807601714,11004
xgboost,XGBoost,F5,SAN_JULIAN,SAN_JULIAN,9,6.548100308910884,9.685155415325614,11004
xgboost,XGBoost,F5,SAN_JULIAN,SAN_JULIAN,10,6.661777539540966,9.829521180585388,11004
xgboost,XGBoost,F5,SAN_JULIAN,SAN_JULIAN,11,6.743423770662223,9.942861608521534,11004
xgboost,XGBoost,F5,SAN_JULIAN,SAN_JULIAN,12,6.813970275550962,10.03010624278819,11004
xgboost,XGBoost,F5,SAN_JULIAN,SAN_JULIAN,13,6.865363947654455,10.110349485085512,11004
xgboost,XGBoost,F5,SAN_JULIAN,SAN_JULIAN,14,6.983415352089194,10.230680107516086,11004
xgboost,XGBoost,F5,SAN_JULIAN,SAN_JULIAN,15,7.057119374013475,10.361618326267514,11004
xgboost,XGBoost,F5,SAN_JULIAN,SAN_JULIAN,16,7.181806812369577,10.516705159471746,11004
xgboost,XGBoost,F5,SAN_JULIAN,SAN_JULIAN,17,7.221531401543737,10.618396134526797,11004
xgboost,XGBoost,F5,SAN_JULIAN,SAN_JULIAN,18,7.3120003036480306,10.730536334470786,11004
xgboost,XGBoost,F5,SAN_JULIAN,SAN_JULIAN,19,7.35871487676079,10.775586216232806,11004
xgboost,XGBoost,F5,SAN_JULIAN,SAN_JULIAN,20,7.386950513138766,10.822746730228149,11004
xgboost,XGBoost,F5,SAN_JULIAN,SAN_JULIAN,21,7.46289054284049,10.935489860181736,11004
xgboost,XGBoost,F5,SAN_JULIAN,SAN_JULIAN,22,7.480285993795835,10.967474921021566,11004
xgboost,XGBoost,F5,SAN_JULIAN,SAN_JULIAN,23,7.6021915915574825,11.146468630856893,11004
xgboost,XGBoost,F5,SAN_JULIAN,SAN_JULIAN,24,7.658702064366481,11.262185698585983,11004
xgboost,XGBoost,F5,ERANDIO,ERANDIO,1,3.582736821174191,5.817788717036436,11079
xgboost,XGBoost,F5,ERANDIO,ERANDIO,2,4.874991226480351,7.300207358718538,11079
xgboost,XGBoost,F5,ERANDIO,ERANDIO,3,5.432542029287058,7.975726243700005,11079
xgboost,XGBoost,F5,ERANDIO,ERANDIO,4,5.806955361583623,8.415775580296978,11079
xgboost,XGBoost,F5,ERANDIO,ERANDIO,5,6.178350725569055,8.829905337440994,11079
xgboost,XGBoost,F5,ERANDIO,ERANDIO,6,6.3808709456070805,9.048784637245557,11079
xgboost,XGBoost,F5,ERANDIO,ERANDIO,7,6.5048776816263,9.196367561481066,11079
xgboost,XGBoost,F5,ERANDIO,ERANDIO,8,6.670852398117028,9.395242531492608,11079
xgboost,XGBoost,F5,ERANDIO,ERANDIO,9,6.831638930259021,9.55449854464145,11079
xgboost,XGBoost,F5,ERANDIO,ERANDIO,10,6.902978032598729,9.636699839551166,11079
xgboost,XGBoost,F5,ERANDIO,ERANDIO,11,6.900103431734026,9.698251917315304,11079
xgboost,XGBoost,F5,ERANDIO,ERANDIO,12,6.978219831836644,9.7934669189326,11079
xgboost,XGBoost,F5,ERANDIO,ERANDIO,13,7.09898376908153,9.939944469594423,11079
xgboost,XGBoost,F5,ERANDIO,ERANDIO,14,7.176604784097748,10.051328159883312,11079
xgboost,XGBoost,F5,ERANDIO,ERANDIO,15,7.278699543515056,10.195280218300617,11079
xgboost,XGBoost,F5,ERANDIO,ERANDIO,16,7.3219423056488075,10.226188825259623,11079
xgboost,XGBoost,F5,ERANDIO,ERANDIO,17,7.351360239807433,10.23434831344576,11079
xgboost,XGBoost,F5,ERANDIO,ERANDIO,18,7.415319236072245,10.326683137110633,11079
xgboost,XGBoost,F5,ERANDIO,ERANDIO,19,7.4868360207026825,10.467979060111611,11079
xgboost,XGBoost,F5,ERANDIO,ERANDIO,20,7.5748870789181595,10.593989846619278,11079
xgboost,XGBoost,F5,ERANDIO,ERANDIO,21,7.625679109251255,10.666362948087889,11079
xgboost,XGBoost,F5,ERANDIO,ERANDIO,22,7.6430735297985954,10.730302341336198,11079
xgboost,XGBoost,F5,ERANDIO,ERANDIO,23,7.612149680948761,10.677087751867825,11079
xgboost,XGBoost,F5,ERANDIO,ERANDIO,24,7.7242659325526075,10.807731948751073,11079
xgboost,XGBoost,F5,ZIERBENA_Puerto,ZIERBENA_PUERTO,1,4.495313341814639,8.690033488679894,10744
xgboost,XGBoost,F5,ZIERBENA_Puerto,ZIERBENA_PUERTO,2,6.38388603255541,11.082384399602631,10744
xgboost,XGBoost,F5,ZIERBENA_Puerto,ZIERBENA_PUERTO,3,6.951439037441941,11.712728377077047,10744
xgboost,XGBoost,F5,ZIERBENA_Puerto,ZIERBENA_PUERTO,4,7.293883227272346,12.071470402142284,10744
xgboost,XGBoost,F5,ZIERBENA_Puerto,ZIERBENA_PUERTO,5,7.549641891370846,12.332161895898563,10744
xgboost,XGBoost,F5,ZIERBENA_Puerto,ZIERBENA_PUERTO,6,7.7156455643746895,12.484146156242355,10744
xgboost,XGBoost,F5,ZIERBENA_Puerto,ZIERBENA_PUERTO,7,7.840697278394153,12.579618598581577,10744
xgboost,XGBoost,F5,ZIERBENA_Puerto,ZIERBENA_PUERTO,8,7.947821777965804,12.665571013534977,10744
xgboost,XGBoost,F5,ZIERBENA_Puerto,ZIERBENA_PUERTO,9,8.046258468106,12.705452084960424,10744
xgboost,XGBoost,F5,ZIERBENA_Puerto,ZIERBENA_PUERTO,10,8.084480932729953,12.721853695823178,10744
xgboost,XGBoost,F5,ZIERBENA_Puerto,ZIERBENA_PUERTO,11,8.154839289028612,12.737236178776254,10744
xgboost,XGBoost,F5,ZIERBENA_Puerto,ZIERBENA_PUERTO,12,8.203835682512128,12.77924902210036,10744
xgboost,XGBoost,F5,ZIERBENA_Puerto,ZIERBENA_PUERTO,13,8.286675534892774,12.871183529670727,10744
xgboost,XGBoost,F5,ZIERBENA_Puerto,ZIERBENA_PUERTO,14,8.313805359872703,12.904912007809079,10744
xgboost,XGBoost,F5,ZIERBENA_Puerto,ZIERBENA_PUERTO,15,8.416759669514441,13.033887371018936,10744
xgboost,XGBoost,F5,ZIERBENA_Puerto,ZIERBENA_PUERTO,16,8.441834756889541,13.092093167450429,10744
xgboost,XGBoost,F5,ZIERBENA_Puerto,ZIERBENA_PUERTO,17,8.450422015770638,13.109792641223917,10744
xgboost,XGBoost,F5,ZIERBENA_Puerto,ZIERBENA_PUERTO,18,8.502524039191448,13.127469736128022,10744
xgboost,XGBoost,F5,ZIERBENA_Puerto,ZIERBENA_PUERTO,19,8.548719022891811,13.225322975018223,10744
xgboost,XGBoost,F5,ZIERBENA_Puerto,ZIERBENA_PUERTO,20,8.586653982447938,13.303931358325883,10744
xgboost,XGBoost,F5,ZIERBENA_Puerto,ZIERBENA_PUERTO,21,8.622303563272075,13.364161473560383,10744
xgboost,XGBoost,F5,ZIERBENA_Puerto,ZIERBENA_PUERTO,22,8.630817076029036,13.401080843527941,10744
xgboost,XGBoost,F5,ZIERBENA_Puerto,ZIERBENA_PUERTO,23,8.705619324922385,13.486560750299903,10744
xgboost,XGBoost,F5,ZIERBENA_Puerto,ZIERBENA_PUERTO,24,8.764849310079263,13.55997685047672,10744
xgboost,XGBoost,F5,BASAURI,BASAURI,1,3.73186683743471,6.978006185886302,10787
xgboost,XGBoost,F5,BASAURI,BASAURI,2,4.966471607756701,8.406868222737174,10787
xgboost,XGBoost,F5,BASAURI,BASAURI,3,5.563321573316327,9.001458907870996,10787
xgboost,XGBoost,F5,BASAURI,BASAURI,4,6.014403473759555,9.497790702742815,10787
xgboost,XGBoost,F5,BASAURI,BASAURI,5,6.38813034100319,9.915616600957403,10787
xgboost,XGBoost,F5,BASAURI,BASAURI,6,6.649503888738622,10.258608677033495,10787
xgboost,XGBoost,F5,BASAURI,BASAURI,7,6.826349634992476,10.441721859740282,10787
xgboost,XGBoost,F5,BASAURI,BASAURI,8,6.932349010626489,10.530552627913327,10787
xgboost,XGBoost,F5,BASAURI,BASAURI,9,7.068890693411611,10.714128972662735,10787
xgboost,XGBoost,F5,BASAURI,BASAURI,10,7.183491154232911,10.848513027388558,10787
xgboost,XGBoost,F5,BASAURI,BASAURI,11,7.305826828390694,10.978715752853557,10787
xgboost,XGBoost,F5,BASAURI,BASAURI,12,7.378041385996493,11.054200593219003,10787
xgboost,XGBoost,F5,BASAURI,BASAURI,13,7.470243525016603,11.141184569564576,10787
xgboost,XGBoost,F5,BASAURI,BASAURI,14,7.523250193859789,11.239632829797891,10787
xgboost,XGBoost,F5,BASAURI,BASAURI,15,7.631683355820149,11.341861785566646,10787
xgboost,XGBoost,F5,BASAURI,BASAURI,16,7.722335267688033,11.436056249705729,10787
xgboost,XGBoost,F5,BASAURI,BASAURI,17,7.805320054770643,11.50832340752664,10787
xgboost,XGBoost,F5,BASAURI,BASAURI,18,7.874771311537952,11.589480443951707,10787
xgboost,XGBoost,F5,BASAURI,BASAURI,19,7.964796005878323,11.72055193763669,10787
xgboost,XGBoost,F5,BASAURI,BASAURI,20,8.008077958853082,11.81851843653054,10787
xgboost,XGBoost,F5,BASAURI,BASAURI,21,8.113546399220574,11.98128650578159,10787
xgboost,XGBoost,F5,BASAURI,BASAURI,22,8.147223586953027,12.034693817264706,10787
xgboost,XGBoost,F5,BASAURI,BASAURI,23,8.214680245491333,12.110508290905797,10787
xgboost,XGBoost,F5,BASAURI,BASAURI,24,8.308558668585894,12.241230962742277,10787
xgboost,XGBoost,F5,ALGORTA_BBIZI2,ALGORTA_BBIZI2,1,5.102995709526525,8.266956007491194,10997
xgboost,XGBoost,F5,ALGORTA_BBIZI2,ALGORTA_BBIZI2,2,6.83424936923979,10.37622056945136,10997
xgboost,XGBoost,F5,ALGORTA_BBIZI2,ALGORTA_BBIZI2,3,7.520641887557607,11.175205185944753,10997
xgboost,XGBoost,F5,ALGORTA_BBIZI2,ALGORTA_BBIZI2,4,7.9229379073158,11.663805571072091,10997
xgboost,XGBoost,F5,ALGORTA_BBIZI2,ALGORTA_BBIZI2,5,8.143140578298143,11.974649034956279,10997
xgboost,XGBoost,F5,ALGORTA_BBIZI2,ALGORTA_BBIZI2,6,8.335452759668069,12.167238495064511,10997
xgboost,XGBoost,F5,ALGORTA_BBIZI2,ALGORTA_BBIZI2,7,8.472658721557517,12.328829907085693,10997
xgboost,XGBoost,F5,ALGORTA_BBIZI2,ALGORTA_BBIZI2,8,8.562979394656544,12.396129776372792,10997
xgboost,XGBoost,F5,ALGORTA_BBIZI2,ALGORTA_BBIZI2,9,8.69101869000883,12.544976881221944,10997
xgboost,XGBoost,F5,ALGORTA_BBIZI2,ALGORTA_BBIZI2,10,8.76589906303473,12.606611237938855,10997
xgboost,XGBoost,F5,ALGORTA_BBIZI2,ALGORTA_BBIZI2,11,8.856637265017286,12.681399042494483,10997
xgboost,XGBoost,F5,ALGORTA_BBIZI2,ALGORTA_BBIZI2,12,8.961177730967893,12.766058754988128,10997
xgboost,XGBoost,F5,ALGORTA_BBIZI2,ALGORTA_BBIZI2,13,9.023148681159842,12.83788919795692,10997
xgboost,XGBoost,F5,ALGORTA_BBIZI2,ALGORTA_BBIZI2,14,9.066508300523168,12.898543223377219,10997
xgboost,XGBoost,F5,ALGORTA_BBIZI2,ALGORTA_BBIZI2,15,9.16406927293481,12.998074894477432,10997
xgboost,XGBoost,F5,ALGORTA_BBIZI2,ALGORTA_BBIZI2,16,9.220756481764175,13.061891743557739,10997
xgboost,XGBoost,F5,ALGORTA_BBIZI2,ALGORTA_BBIZI2,17,9.290931366135384,13.193928302653406,10997
xgboost,XGBoost,F5,ALGORTA_BBIZI2,ALGORTA_BBIZI2,18,9.35533913215789,13.260952864155742,10997
xgboost,XGBoost,F5,ALGORTA_BBIZI2,ALGORTA_BBIZI2,19,9.378766273556812,13.296423333590068,10997
xgboost,XGBoost,F5,ALGORTA_BBIZI2,ALGORTA_BBIZI2,20,9.442261500218526,13.423591534397586,10997
xgboost,XGBoost,F5,ALGORTA_BBIZI2,ALGORTA_BBIZI2,21,9.474358060007216,13.4456377573718,10997
xgboost,XGBoost,F5,ALGORTA_BBIZI2,ALGORTA_BBIZI2,22,9.491636602664153,13.489583454973188,10997
xgboost,XGBoost,F5,ALGORTA_BBIZI2,ALGORTA_BBIZI2,23,9.508047356327587,13.525726270381545,10997
xgboost,XGBoost,F5,ALGORTA_BBIZI2,ALGORTA_BBIZI2,24,9.572478595468969,13.592341268377503,10997
airformer,AirFormer,F5,ABANTO,ABANTO,1,2.6050914373009957,4.340023158049723,11089
airformer,AirFormer,F5,ABANTO,ABANTO,2,3.2597681723742675,5.292462326252003,11089
airformer,AirFormer,F5,ABANTO,ABANTO,3,3.5847532957085453,5.741613497119756,11089
airformer,AirFormer,F5,ABANTO,ABANTO,4,3.843162676933083,6.079012155045573,11089
airformer,AirFormer,F5,ABANTO,ABANTO,5,4.0400720855695,6.340184127415515,11089
airformer,AirFormer,F5,ABANTO,ABANTO,6,4.200349268034761,6.53459060628431,11089
airformer,AirFormer,F5,ABANTO,ABANTO,7,4.335267658519169,6.6947524832613095,11089
airformer,AirFormer,F5,ABANTO,ABANTO,8,4.457768116664688,6.804224918402728,11089
airformer,AirFormer,F5,ABANTO,ABANTO,9,4.5729454899083635,6.915804960273076,11089
airformer,AirFormer,F5,ABANTO,ABANTO,10,4.670311755146733,6.999903103882036,11089
airformer,AirFormer,F5,ABANTO,ABANTO,11,4.740271888956171,7.034897232594272,11089
airformer,AirFormer,F5,ABANTO,ABANTO,12,4.787012679356064,7.050840059152781,11089
airformer,AirFormer,F5,ABANTO,ABANTO,13,4.851182625263416,7.079029311488021,11089
airformer,AirFormer,F5,ABANTO,ABANTO,14,4.882357920846966,7.093970465340708,11089
airformer,AirFormer,F5,ABANTO,ABANTO,15,4.942176775459732,7.135149142921199,11089
airformer,AirFormer,F5,ABANTO,ABANTO,16,4.984672743631921,7.174463551767266,11089
airformer,AirFormer,F5,ABANTO,ABANTO,17,5.036491324897495,7.223468114505326,11089
airformer,AirFormer,F5,ABANTO,ABANTO,18,5.083962303317801,7.307115755396885,11089
airformer,AirFormer,F5,ABANTO,ABANTO,19,5.131588258716626,7.366750894440278,11089
airformer,AirFormer,F5,ABANTO,ABANTO,20,5.161169998832191,7.444512626007702,11089
airformer,AirFormer,F5,ABANTO,ABANTO,21,5.193678686300383,7.503786236456255,11089
airformer,AirFormer,F5,ABANTO,ABANTO,22,5.223976790587867,7.571951408449531,11089
airformer,AirFormer,F5,ABANTO,ABANTO,23,5.270565455786992,7.6319065412947005,11089
airformer,AirFormer,F5,ABANTO,ABANTO,24,5.3025022337806265,7.694923602856516,11089
airformer,AirFormer,F5,ALGORTA (BBIZI2),ALGORTA_BBIZI2,1,5.265084386119143,8.758064661249271,11089
airformer,AirFormer,F5,ALGORTA (BBIZI2),ALGORTA_BBIZI2,2,6.835073822300818,10.717761469916859,11089
airformer,AirFormer,F5,ALGORTA (BBIZI2),ALGORTA_BBIZI2,3,7.393051606323713,11.416374725796825,11089
airformer,AirFormer,F5,ALGORTA (BBIZI2),ALGORTA_BBIZI2,4,7.726166220327936,11.8684862203379,11089
airformer,AirFormer,F5,ALGORTA (BBIZI2),ALGORTA_BBIZI2,5,7.950618938303626,12.178980162918693,11089
airformer,AirFormer,F5,ALGORTA (BBIZI2),ALGORTA_BBIZI2,6,8.12181560022879,12.413909219614196,11089
airformer,AirFormer,F5,ALGORTA (BBIZI2),ALGORTA_BBIZI2,7,8.24578350548577,12.584200817372665,11089
airformer,AirFormer,F5,ALGORTA (BBIZI2),ALGORTA_BBIZI2,8,8.3669268783709,12.741800703800436,11089
airformer,AirFormer,F5,ALGORTA (BBIZI2),ALGORTA_BBIZI2,9,8.503518442196416,12.880352342277755,11089
airformer,AirFormer,F5,ALGORTA (BBIZI2),ALGORTA_BBIZI2,10,8.581350005751252,12.948915772898383,11089
airformer,AirFormer,F5,ALGORTA (BBIZI2),ALGORTA_BBIZI2,11,8.661521177681458,13.039301262424443,11089
airformer,AirFormer,F5,ALGORTA (BBIZI2),ALGORTA_BBIZI2,12,8.725821484348923,13.075503191424973,11089
airformer,AirFormer,F5,ALGORTA (BBIZI2),ALGORTA_BBIZI2,13,8.788611080296272,13.12929821024042,11089
airformer,AirFormer,F5,ALGORTA (BBIZI2),ALGORTA_BBIZI2,14,8.835660268321051,13.18579811899108,11089
airformer,AirFormer,F5,ALGORTA (BBIZI2),ALGORTA_BBIZI2,15,8.914644528622128,13.260774716015524,11089
airformer,AirFormer,F5,ALGORTA (BBIZI2),ALGORTA_BBIZI2,16,8.9766861287947,13.355034400079054,11089
airformer,AirFormer,F5,ALGORTA (BBIZI2),ALGORTA_BBIZI2,17,9.021406632267823,13.426911413417615,11089
airformer,AirFormer,F5,ALGORTA (BBIZI2),ALGORTA_BBIZI2,18,9.054983406030773,13.509015680315539,11089
airformer,AirFormer,F5,ALGORTA (BBIZI2),ALGORTA_BBIZI2,19,9.11004217469302,13.595758338189176,11089
airformer,AirFormer,F5,ALGORTA (BBIZI2),ALGORTA_BBIZI2,20,9.152233471398702,13.695660861678162,11089
airformer,AirFormer,F5,ALGORTA (BBIZI2),ALGORTA_BBIZI2,21,9.200238644351112,13.765437446554154,11089
airformer,AirFormer,F5,ALGORTA (BBIZI2),ALGORTA_BBIZI2,22,9.23596801314043,13.842944618869785,11089
airformer,AirFormer,F5,ALGORTA (BBIZI2),ALGORTA_BBIZI2,23,9.216440941281439,13.850932190819492,11089
airformer,AirFormer,F5,ALGORTA (BBIZI2),ALGORTA_BBIZI2,24,9.199242445009782,13.869144448753993,11089
airformer,AirFormer,F5,ALONSOTEGI,ALONSOTEGI,1,2.8434860530670605,4.159197318429845,11089
airformer,AirFormer,F5,ALONSOTEGI,ALONSOTEGI,2,3.849490021313373,5.584109357160313,11089
airformer,AirFormer,F5,ALONSOTEGI,ALONSOTEGI,3,4.418264692237545,6.401761028084648,11089
airformer,AirFormer,F5,ALONSOTEGI,ALONSOTEGI,4,4.791818927434989,6.958576349685003,11089
airformer,AirFormer,F5,ALONSOTEGI,ALONSOTEGI,5,5.055363497061966,7.349147481006449,11089
airformer,AirFormer,F5,ALONSOTEGI,ALONSOTEGI,6,5.273392803514818,7.655869493397883,11089
airformer,AirFormer,F5,ALONSOTEGI,ALONSOTEGI,7,5.421202707122946,7.86601159500703,11089
airformer,AirFormer,F5,ALONSOTEGI,ALONSOTEGI,8,5.54353945837297,8.01553014805138,11089
airformer,AirFormer,F5,ALONSOTEGI,ALONSOTEGI,9,5.646046251609528,8.116522513428393,11089
airformer,AirFormer,F5,ALONSOTEGI,ALONSOTEGI,10,5.729371688655977,8.21020501224864,11089
airformer,AirFormer,F5,ALONSOTEGI,ALONSOTEGI,11,5.801957963101867,8.278708525875206,11089
airformer,AirFormer,F5,ALONSOTEGI,ALONSOTEGI,12,5.8577713516580046,8.335905556004743,11089
airformer,AirFormer,F5,ALONSOTEGI,ALONSOTEGI,13,5.926756184442317,8.403074683247809,11089
airformer,AirFormer,F5,ALONSOTEGI,ALONSOTEGI,14,5.978738357446935,8.457378335680922,11089
airformer,AirFormer,F5,ALONSOTEGI,ALONSOTEGI,15,6.056630387298903,8.52368716030462,11089
airformer,AirFormer,F5,ALONSOTEGI,ALONSOTEGI,16,6.0837860617842745,8.578708254377217,11089
airformer,AirFormer,F5,ALONSOTEGI,ALONSOTEGI,17,6.145216496301005,8.661598511309377,11089
airformer,AirFormer,F5,ALONSOTEGI,ALONSOTEGI,18,6.192282969576016,8.752176709191477,11089
airformer,AirFormer,F5,ALONSOTEGI,ALONSOTEGI,19,6.243852835306131,8.833188023669859,11089
airformer,AirFormer,F5,ALONSOTEGI,ALONSOTEGI,20,6.272139557511547,8.908175960576362,11089
airformer,AirFormer,F5,ALONSOTEGI,ALONSOTEGI,21,6.26752961983768,8.947719800952592,11089
airformer,AirFormer,F5,ALONSOTEGI,ALONSOTEGI,22,6.315217328680057,9.036298803322847,11089
airformer,AirFormer,F5,ALONSOTEGI,ALONSOTEGI,23,6.321441550972507,9.077684668068361,11089
airformer,AirFormer,F5,ALONSOTEGI,ALONSOTEGI,24,6.330876020456803,9.111231481840367,11089
airformer,AirFormer,F5,ARRAIZ (Monte),ARRAIZ_MONTE,1,2.5520814463814685,4.024682484986799,11089
airformer,AirFormer,F5,ARRAIZ (Monte),ARRAIZ_MONTE,2,3.23984387766112,4.992033235525383,11089
airformer,AirFormer,F5,ARRAIZ (Monte),ARRAIZ_MONTE,3,3.855521174179808,5.839389801502684,11089
airformer,AirFormer,F5,ARRAIZ (Monte),ARRAIZ_MONTE,4,4.341619860525008,6.496793729186398,11089
airformer,AirFormer,F5,ARRAIZ (Monte),ARRAIZ_MONTE,5,4.671939754907493,6.965994783355073,11089
airformer,AirFormer,F5,ARRAIZ (Monte),ARRAIZ_MONTE,6,5.0640941469455845,7.45626347937842,11089
airformer,AirFormer,F5,ARRAIZ (Monte),ARRAIZ_MONTE,7,5.305272448642334,7.767365065274526,11089
airformer,AirFormer,F5,ARRAIZ (Monte),ARRAIZ_MONTE,8,5.543182806496109,8.053533901165615,11089
airformer,AirFormer,F5,ARRAIZ (Monte),ARRAIZ_MONTE,9,5.760886776145215,8.303506588309116,11089
airformer,AirFormer,F5,ARRAIZ (Monte),ARRAIZ_MONTE,10,5.929364557358257,8.502067157156535,11089
airformer,AirFormer,F5,ARRAIZ (Monte),ARRAIZ_MONTE,11,6.0190916708135145,8.597955046336375,11089
airformer,AirFormer,F5,ARRAIZ (Monte),ARRAIZ_MONTE,12,6.058345343770129,8.625748834110158,11089
airformer,AirFormer,F5,ARRAIZ (Monte),ARRAIZ_MONTE,13,6.16824054219207,8.716649259314973,11089
airformer,AirFormer,F5,ARRAIZ (Monte),ARRAIZ_MONTE,14,6.221443452980426,8.772008023144712,11089
airformer,AirFormer,F5,ARRAIZ (Monte),ARRAIZ_MONTE,15,6.258604172536234,8.807379012612305,11089
airformer,AirFormer,F5,ARRAIZ (Monte),ARRAIZ_MONTE,16,6.315275251860012,8.870088915361043,11089
airformer,AirFormer,F5,ARRAIZ (Monte),ARRAIZ_MONTE,17,6.466473239570498,9.04528398316901,11089
airformer,AirFormer,F5,ARRAIZ (Monte),ARRAIZ_MONTE,18,6.4795382970812865,9.103951318027576,11089
airformer,AirFormer,F5,ARRAIZ (Monte),ARRAIZ_MONTE,19,6.629046764050412,9.267887210333107,11089
airformer,AirFormer,F5,ARRAIZ (Monte),ARRAIZ_MONTE,20,6.61872460911149,9.304503883713595,11089
airformer,AirFormer,F5,ARRAIZ (Monte),ARRAIZ_MONTE,21,6.668305825623822,9.384772941415363,11089
airformer,AirFormer,F5,ARRAIZ (Monte),ARRAIZ_MONTE,22,6.669944985154323,9.426020383085605,11089
airformer,AirFormer,F5,ARRAIZ (Monte),ARRAIZ_MONTE,23,6.718436702119723,9.493744650800702,11089
airformer,AirFormer,F5,ARRAIZ (Monte),ARRAIZ_MONTE,24,6.762801357833115,9.564411184007026,11089
airformer,AirFormer,F5,BARAKALDO,BARAKALDO,1,4.293092050869715,6.482801765126555,11089
airformer,AirFormer,F5,BARAKALDO,BARAKALDO,2,5.323958986325177,7.9671450006973235,11089
airformer,AirFormer,F5,BARAKALDO,BARAKALDO,3,5.8166342288597015,8.649311743832746,11089
airformer,AirFormer,F5,BARAKALDO,BARAKALDO,4,6.137209253752347,9.083106699839375,11089
airformer,AirFormer,F5,BARAKALDO,BARAKALDO,5,6.369740648946488,9.385314350152315,11089
airformer,AirFormer,F5,BARAKALDO,BARAKALDO,6,6.571005121560122,9.667404811448947,11089
airformer,AirFormer,F5,BARAKALDO,BARAKALDO,7,6.754716850120454,9.894969893427254,11089
airformer,AirFormer,F5,BARAKALDO,BARAKALDO,8,6.924453549845611,10.072142419856132,11089
airformer,AirFormer,F5,BARAKALDO,BARAKALDO,9,7.059614438965039,10.197187695912966,11089
airformer,AirFormer,F5,BARAKALDO,BARAKALDO,10,7.171973775211238,10.31333331096131,11089
airformer,AirFormer,F5,BARAKALDO,BARAKALDO,11,7.276164008042608,10.409248933855197,11089
airformer,AirFormer,F5,BARAKALDO,BARAKALDO,12,7.363617200203847,10.516723831262553,11089
airformer,AirFormer,F5,BARAKALDO,BARAKALDO,13,7.445058441428715,10.57803254782478,11089
airformer,AirFormer,F5,BARAKALDO,BARAKALDO,14,7.5261913484120475,10.663371011308296,11089
airformer,AirFormer,F5,BARAKALDO,BARAKALDO,15,7.608347280772193,10.746305686975639,11089
airformer,AirFormer,F5,BARAKALDO,BARAKALDO,16,7.6711698202803476,10.826491733645888,11089
airformer,AirFormer,F5,BARAKALDO,BARAKALDO,17,7.748689397095839,10.930680511672524,11089
airformer,AirFormer,F5,BARAKALDO,BARAKALDO,18,7.799914005976844,11.024438083909939,11089
airformer,AirFormer,F5,BARAKALDO,BARAKALDO,19,7.834802798191111,11.081201290283973,11089
airformer,AirFormer,F5,BARAKALDO,BARAKALDO,20,7.881933522918891,11.171360316263675,11089
airformer,AirFormer,F5,BARAKALDO,BARAKALDO,21,7.896989159743579,11.210072868468108,11089
airformer,AirFormer,F5,BARAKALDO,BARAKALDO,22,7.950814300968495,11.289382673108534,11089
airformer,AirFormer,F5,BARAKALDO,BARAKALDO,23,7.98238002139138,11.354797795539175,11089
airformer,AirFormer,F5,BARAKALDO,BARAKALDO,24,8.038108595370687,11.439979676202084,11089
airformer,AirFormer,F5,BASAURI,BASAURI,1,3.729869689360034,6.902893718915199,11089
airformer,AirFormer,F5,BASAURI,BASAURI,2,4.639418761652148,8.187544936896167,11089
airformer,AirFormer,F5,BASAURI,BASAURI,3,5.190184821363545,8.906277400614242,11089
airformer,AirFormer,F5,BASAURI,BASAURI,4,5.601860268443449,9.443804735861791,11089
airformer,AirFormer,F5,BASAURI,BASAURI,5,5.901206246251421,9.794289812220368,11089
airformer,AirFormer,F5,BASAURI,BASAURI,6,6.140795511145449,10.08750239788227,11089
airformer,AirFormer,F5,BASAURI,BASAURI,7,6.319033811386718,10.333977348179054,11089
airformer,AirFormer,F5,BASAURI,BASAURI,8,6.455259460766049,10.501903634267878,11089
airformer,AirFormer,F5,BASAURI,BASAURI,9,6.574491381698953,10.611825423246684,11089
airformer,AirFormer,F5,BASAURI,BASAURI,10,6.670498853938553,10.70794179477047,11089
airformer,AirFormer,F5,BASAURI,BASAURI,11,6.760437927853267,10.79898617173341,11089
airformer,AirFormer,F5,BASAURI,BASAURI,12,6.839258648016399,10.868775552115421,11089
airformer,AirFormer,F5,BASAURI,BASAURI,13,6.913005498266379,10.920724563890305,11089
airformer,AirFormer,F5,BASAURI,BASAURI,14,6.979437874676957,10.986150993778546,11089
airformer,AirFormer,F5,BASAURI,BASAURI,15,7.054311714521531,11.058009559681935,11089
airformer,AirFormer,F5,BASAURI,BASAURI,16,7.114496942701262,11.145063445745915,11089
airformer,AirFormer,F5,BASAURI,BASAURI,17,7.182393638379667,11.2342486493453,11089
airformer,AirFormer,F5,BASAURI,BASAURI,18,7.2402065790358545,11.323807885139189,11089
airformer,AirFormer,F5,BASAURI,BASAURI,19,7.298801969864809,11.392881282202683,11089
airformer,AirFormer,F5,BASAURI,BASAURI,20,7.340800805392434,11.491703896931106,11089
airformer,AirFormer,F5,BASAURI,BASAURI,21,7.373400962259225,11.553095184998446,11089
airformer,AirFormer,F5,BASAURI,BASAURI,22,7.431151422713379,11.643089588174153,11089
airformer,AirFormer,F5,BASAURI,BASAURI,23,7.465137662293301,11.714054111271585,11089
airformer,AirFormer,F5,BASAURI,BASAURI,24,7.473697858136687,11.759011621700827,11089
airformer,AirFormer,F5,CASTREJANA,CASTREJANA,1,3.2677476268709484,5.359697700123227,11089
airformer,AirFormer,F5,CASTREJANA,CASTREJANA,2,4.561534530360315,7.139213921675895,11089
airformer,AirFormer,F5,CASTREJANA,CASTREJANA,3,5.287618653597312,7.997083237089049,11089
airformer,AirFormer,F5,CASTREJANA,CASTREJANA,4,5.741631143139765,8.517321796840653,11089
airformer,AirFormer,F5,CASTREJANA,CASTREJANA,5,6.03180131470182,8.822220420056551,11089
airformer,AirFormer,F5,CASTREJANA,CASTREJANA,6,6.268486562567714,9.048608164562541,11089
airformer,AirFormer,F5,CASTREJANA,CASTREJANA,7,6.427106153331808,9.21603751670995,11089
airformer,AirFormer,F5,CASTREJANA,CASTREJANA,8,6.561611029721003,9.351371063972207,11089
airformer,AirFormer,F5,CASTREJANA,CASTREJANA,9,6.674526228058896,9.44508956076737,11089
airformer,AirFormer,F5,CASTREJANA,CASTREJANA,10,6.771881169221024,9.539146515838633,11089
airformer,AirFormer,F5,CASTREJANA,CASTREJANA,11,6.84436969002844,9.589405302312928,11089
airformer,AirFormer,F5,CASTREJANA,CASTREJANA,12,6.917739364494333,9.628620466785849,11089
airformer,AirFormer,F5,CASTREJANA,CASTREJANA,13,6.993439967428684,9.679542838439897,11089
airformer,AirFormer,F5,CASTREJANA,CASTREJANA,14,7.038888086091409,9.716959373162801,11089
airformer,AirFormer,F5,CASTREJANA,CASTREJANA,15,7.149553430360995,9.823192917553735,11089
airformer,AirFormer,F5,CASTREJANA,CASTREJANA,16,7.2288418374314,9.924313604445713,11089
airformer,AirFormer,F5,CASTREJANA,CASTREJANA,17,7.288588499784233,10.012782330610614,11089
airformer,AirFormer,F5,CASTREJANA,CASTREJANA,18,7.3632088626879115,10.117564522290248,11089
airformer,AirFormer,F5,CASTREJANA,CASTREJANA,19,7.42554386137884,10.18207775524101,11089
airformer,AirFormer,F5,CASTREJANA,CASTREJANA,20,7.480793327235565,10.286240260577909,11089
airformer,AirFormer,F5,CASTREJANA,CASTREJANA,21,7.489238395178347,10.30551698730717,11089
airformer,AirFormer,F5,CASTREJANA,CASTREJANA,22,7.523349872475245,10.35794514603672,11089
airformer,AirFormer,F5,CASTREJANA,CASTREJANA,23,7.509385089296336,10.343587024920515,11089
airformer,AirFormer,F5,CASTREJANA,CASTREJANA,24,7.502432500631281,10.337182690721907,11089
airformer,AirFormer,F5,ERANDIO,ERANDIO,1,3.4228731868866706,5.6920407935681805,11089
airformer,AirFormer,F5,ERANDIO,ERANDIO,2,4.278232431355842,6.9683049268873045,11089
airformer,AirFormer,F5,ERANDIO,ERANDIO,3,4.815646005113278,7.719736194098764,11089
airformer,AirFormer,F5,ERANDIO,ERANDIO,4,5.194183635866473,8.238233905307501,11089
airformer,AirFormer,F5,ERANDIO,ERANDIO,5,5.471887125983123,8.59707082246924,11089
airformer,AirFormer,F5,ERANDIO,ERANDIO,6,5.685095155063877,8.875911312683245,11089
airformer,AirFormer,F5,ERANDIO,ERANDIO,7,5.8645221710377085,9.09957159910758,11089
airformer,AirFormer,F5,ERANDIO,ERANDIO,8,6.0051223004258825,9.249887828276808,11089
airformer,AirFormer,F5,ERANDIO,ERANDIO,9,6.102699817081603,9.348885631998177,11089
airformer,AirFormer,F5,ERANDIO,ERANDIO,10,6.190290197043393,9.43928029967393,11089
airformer,AirFormer,F5,ERANDIO,ERANDIO,11,6.269635125678894,9.529305926627549,11089
airformer,AirFormer,F5,ERANDIO,ERANDIO,12,6.352986976425043,9.627678171366032,11089
airformer,AirFormer,F5,ERANDIO,ERANDIO,13,6.4018277158727726,9.669103081211308,11089
airformer,AirFormer,F5,ERANDIO,ERANDIO,14,6.449486413545116,9.721388813775176,11089
airformer,AirFormer,F5,ERANDIO,ERANDIO,15,6.504477278084781,9.779903103671831,11089
airformer,AirFormer,F5,ERANDIO,ERANDIO,16,6.567721698204383,9.857217192226795,11089
airformer,AirFormer,F5,ERANDIO,ERANDIO,17,6.633484054078315,9.938438071237039,11089
airformer,AirFormer,F5,ERANDIO,ERANDIO,18,6.682240393091037,10.01775026715204,11089
airformer,AirFormer,F5,ERANDIO,ERANDIO,19,6.719922999843763,10.065631108758092,11089
airformer,AirFormer,F5,ERANDIO,ERANDIO,20,6.758320032803121,10.136702115158856,11089
airformer,AirFormer,F5,ERANDIO,ERANDIO,21,6.798484476557156,10.187998035522957,11089
airformer,AirFormer,F5,ERANDIO,ERANDIO,22,6.840200754312368,10.249146521820037,11089
airformer,AirFormer,F5,ERANDIO,ERANDIO,23,6.8737279426009845,10.28535149945351,11089
airformer,AirFormer,F5,ERANDIO,ERANDIO,24,6.898185017584292,10.337659395602353,11089
airformer,AirFormer,F5,EUROPA,EUROPA,1,2.806720719452276,4.686005421555907,11089
airformer,AirFormer,F5,EUROPA,EUROPA,2,3.6125756180397133,5.894304274978231,11089
airformer,AirFormer,F5,EUROPA,EUROPA,3,4.1278397824317254,6.6177405685270765,11089
airformer,AirFormer,F5,EUROPA,EUROPA,4,4.503630972024672,7.161604219560561,11089
airformer,AirFormer,F5,EUROPA,EUROPA,5,4.797936893474831,7.563760278961102,11089
airformer,AirFormer,F5,EUROPA,EUROPA,6,5.024683513636197,7.862348503283465,11089
airformer,AirFormer,F5,EUROPA,EUROPA,7,5.201073216450248,8.090860183788116,11089
airformer,AirFormer,F5,EUROPA,EUROPA,8,5.352151232808949,8.250871488265396,11089
airformer,AirFormer,F5,EUROPA,EUROPA,9,5.47550229035504,8.375474871998943,11089
airformer,AirFormer,F5,EUROPA,EUROPA,10,5.576045396190585,8.475010126764754,11089
airformer,AirFormer,F5,EUROPA,EUROPA,11,5.679981429923676,8.57346021202829,11089
airformer,AirFormer,F5,EUROPA,EUROPA,12,5.746743652214059,8.617992030803991,11089
airformer,AirFormer,F5,EUROPA,EUROPA,13,5.821174066741212,8.650491777591373,11089
airformer,AirFormer,F5,EUROPA,EUROPA,14,5.887240950802599,8.722888105151167,11089
airformer,AirFormer,F5,EUROPA,EUROPA,15,5.964755054203487,8.81166552395191,11089
airformer,AirFormer,F5,EUROPA,EUROPA,16,6.039353554581422,8.927473445041029,11089
airformer,AirFormer,F5,EUROPA,EUROPA,17,6.121311098173233,9.051691135139341,11089
airformer,AirFormer,F5,EUROPA,EUROPA,18,6.19110261107149,9.176952107285715,11089
airformer,AirFormer,F5,EUROPA,EUROPA,19,6.252169525992055,9.263232161198944,11089
airformer,AirFormer,F5,EUROPA,EUROPA,20,6.300962105273814,9.360523086521441,11089
airformer,AirFormer,F5,EUROPA,EUROPA,21,6.3428698646892165,9.430330572108051,11089
airformer,AirFormer,F5,EUROPA,EUROPA,22,6.3870279322196,9.521338858517465,11089
airformer,AirFormer,F5,EUROPA,EUROPA,23,6.417078765071388,9.58904339277693,11089
airformer,AirFormer,F5,EUROPA,EUROPA,24,6.4312425115968725,9.62885013657299,11089
airformer,AirFormer,F5,LAS CARRERAS,LAS_CARRERAS,1,3.391325343922634,5.510501250120945,11089
airformer,AirFormer,F5,LAS CARRERAS,LAS_CARRERAS,2,4.178688820537836,6.607459852129884,11089
airformer,AirFormer,F5,LAS CARRERAS,LAS_CARRERAS,3,4.616511561204276,7.270919804582726,11089
airformer,AirFormer,F5,LAS CARRERAS,LAS_CARRERAS,4,4.925348520945445,7.661560045072135,11089
airformer,AirFormer,F5,LAS CARRERAS,LAS_CARRERAS,5,5.159993644916976,7.912569836464138,11089
airformer,AirFormer,F5,LAS CARRERAS,LAS_CARRERAS,6,5.377281043406743,8.150487388728472,11089
airformer,AirFormer,F5,LAS CARRERAS,LAS_CARRERAS,7,5.539673470431684,8.33555156883113,11089
airformer,AirFormer,F5,LAS CARRERAS,LAS_CARRERAS,8,5.683979043755027,8.51855807544215,11089
airformer,AirFormer,F5,LAS CARRERAS,LAS_CARRERAS,9,5.8317539766101625,8.702845805805024,11089
airformer,AirFormer,F5,LAS CARRERAS,LAS_CARRERAS,10,5.938887173689372,8.831227241493343,11089
airformer,AirFormer,F5,LAS CARRERAS,LAS_CARRERAS,11,6.028680193960661,8.932581432201182,11089
airformer,AirFormer,F5,LAS CARRERAS,LAS_CARRERAS,12,6.0902356240992095,8.992664348377556,11089
airformer,AirFormer,F5,LAS CARRERAS,LAS_CARRERAS,13,6.159931492123916,9.06422003306365,11089
airformer,AirFormer,F5,LAS CARRERAS,LAS_CARRERAS,14,6.205208168069346,9.10709739081943,11089
airformer,AirFormer,F5,LAS CARRERAS,LAS_CARRERAS,15,6.253179939974203,9.14912778644739,11089
airformer,AirFormer,F5,LAS CARRERAS,LAS_CARRERAS,16,6.303172125658532,9.201894397631017,11089
airformer,AirFormer,F5,LAS CARRERAS,LAS_CARRERAS,17,6.350676166150167,9.271111892923672,11089
airformer,AirFormer,F5,LAS CARRERAS,LAS_CARRERAS,18,6.402267679573449,9.34577098421538,11089
airformer,AirFormer,F5,LAS CARRERAS,LAS_CARRERAS,19,6.445249342748542,9.371616960097834,11089
airformer,AirFormer,F5,LAS CARRERAS,LAS_CARRERAS,20,6.494325021743259,9.416890737616955,11089
airformer,AirFormer,F5,LAS CARRERAS,LAS_CARRERAS,21,6.531745217813771,9.443997657140835,11089
airformer,AirFormer,F5,LAS CARRERAS,LAS_CARRERAS,22,6.57560941979285,9.538507472767146,11089
airformer,AirFormer,F5,LAS CARRERAS,LAS_CARRERAS,23,6.614489324916978,9.61439490229474,11089
airformer,AirFormer,F5,LAS CARRERAS,LAS_CARRERAS,24,6.634808886888621,9.660950013114864,11089
airformer,AirFormer,F5,MAZARREDO,MAZARREDO,1,2.9727774013829236,4.70214771958229,11089
airformer,AirFormer,F5,MAZARREDO,MAZARREDO,2,3.614868527420241,5.7081330377107315,11089
airformer,AirFormer,F5,MAZARREDO,MAZARREDO,3,4.035865834733493,6.338976704860652,11089
airformer,AirFormer,F5,MAZARREDO,MAZARREDO,4,4.386019259473546,6.846571842612947,11089
airformer,AirFormer,F5,MAZARREDO,MAZARREDO,5,4.5806711412592005,7.110801929115532,11089
airformer,AirFormer,F5,MAZARREDO,MAZARREDO,6,4.748828445847035,7.345836190406072,11089
airformer,AirFormer,F5,MAZARREDO,MAZARREDO,7,4.885244586059449,7.541453918851678,11089
airformer,AirFormer,F5,MAZARREDO,MAZARREDO,8,4.979919807357712,7.651954627452694,11089
airformer,AirFormer,F5,MAZARREDO,MAZARREDO,9,5.073097608701995,7.787698587206989,11089
airformer,AirFormer,F5,MAZARREDO,MAZARREDO,10,5.172828978805893,7.8848661081997795,11089
airformer,AirFormer,F5,MAZARREDO,MAZARREDO,11,5.260616007675954,7.985553806516731,11089
airformer,AirFormer,F5,MAZARREDO,MAZARREDO,12,5.339209123560365,8.068776089573017,11089
airformer,AirFormer,F5,MAZARREDO,MAZARREDO,13,5.396698781179558,8.11464147083544,11089
airformer,AirFormer,F5,MAZARREDO,MAZARREDO,14,5.467587035323019,8.178108932310154,11089
airformer,AirFormer,F5,MAZARREDO,MAZARREDO,15,5.514812720392767,8.24212850359089,11089
airformer,AirFormer,F5,MAZARREDO,MAZARREDO,16,5.556059133717319,8.312967561561315,11089
airformer,AirFormer,F5,MAZARREDO,MAZARREDO,17,5.608729416926953,8.35534099201606,11089
airformer,AirFormer,F5,MAZARREDO,MAZARREDO,18,5.653666109999627,8.435612400759805,11089
airformer,AirFormer,F5,MAZARREDO,MAZARREDO,19,5.685255509951964,8.492919845672759,11089
airformer,AirFormer,F5,MAZARREDO,MAZARREDO,20,5.721607638476119,8.575728759900906,11089
airformer,AirFormer,F5,MAZARREDO,MAZARREDO,21,5.765075868626692,8.627520508401597,11089
airformer,AirFormer,F5,MAZARREDO,MAZARREDO,22,5.767303452993581,8.672957637096843,11089
airformer,AirFormer,F5,MAZARREDO,MAZARREDO,23,5.778807385768266,8.690813644555876,11089
airformer,AirFormer,F5,MAZARREDO,MAZARREDO,24,5.796677593286586,8.724708619471944,11089
airformer,AirFormer,F5,MUSKIZ,MUSKIZ,1,2.333162157408055,3.8495479035666116,11089
airformer,AirFormer,F5,MUSKIZ,MUSKIZ,2,2.787714595091183,4.882507721608915,11089
airformer,AirFormer,F5,MUSKIZ,MUSKIZ,3,3.0389703424147396,5.4769828653518635,11089
airformer,AirFormer,F5,MUSKIZ,MUSKIZ,4,3.2753205445580558,5.920940574704424,11089
airformer,AirFormer,F5,MUSKIZ,MUSKIZ,5,3.456531567917125,6.261591900853996,11089
airformer,AirFormer,F5,MUSKIZ,MUSKIZ,6,3.6300278700702044,6.540979356072735,11089
airformer,AirFormer,F5,MUSKIZ,MUSKIZ,7,3.761549921394394,6.741589816550006,11089
airformer,AirFormer,F5,MUSKIZ,MUSKIZ,8,3.8838065957365155,6.873346433590408,11089
airformer,AirFormer,F5,MUSKIZ,MUSKIZ,9,4.008022824446604,6.984640477102588,11089
airformer,AirFormer,F5,MUSKIZ,MUSKIZ,10,4.111847509027592,7.084300540039076,11089
airformer,AirFormer,F5,MUSKIZ,MUSKIZ,11,4.188226009965406,7.1290988052793125,11089
airformer,AirFormer,F5,MUSKIZ,MUSKIZ,12,4.248483034194629,7.155007678637083,11089
airformer,AirFormer,F5,MUSKIZ,MUSKIZ,13,4.3101204182740664,7.179807839008166,11089
airformer,AirFormer,F5,MUSKIZ,MUSKIZ,14,4.3593160220935765,7.214978982481606,11089
airformer,AirFormer,F5,MUSKIZ,MUSKIZ,15,4.417002317354799,7.2792447531969575,11089
airformer,AirFormer,F5,MUSKIZ,MUSKIZ,16,4.4671884419006656,7.370929232590827,11089
airformer,AirFormer,F5,MUSKIZ,MUSKIZ,17,4.511810353389454,7.4689041511461545,11089
airformer,AirFormer,F5,MUSKIZ,MUSKIZ,18,4.5548788926912955,7.587273058324613,11089
airformer,AirFormer,F5,MUSKIZ,MUSKIZ,19,4.593806798835002,7.6776230762698,11089
airformer,AirFormer,F5,MUSKIZ,MUSKIZ,20,4.62764714671295,7.783970243923554,11089
airformer,AirFormer,F5,MUSKIZ,MUSKIZ,21,4.664817608427298,7.871729716129786,11089
airformer,AirFormer,F5,MUSKIZ,MUSKIZ,22,4.694836299599362,7.9548039416734335,11089
airformer,AirFormer,F5,MUSKIZ,MUSKIZ,23,4.71778496200351,8.018156288909726,11089
airformer,AirFormer,F5,MUSKIZ,MUSKIZ,24,4.758080808988866,8.084426754553718,11089
airformer,AirFormer,F5,Mª DIAZ HARO,M_DIAZ_HARO,1,3.517075878428493,5.519143876697989,11089
airformer,AirFormer,F5,Mª DIAZ HARO,M_DIAZ_HARO,2,4.307970676573483,6.736460829795604,11089
airformer,AirFormer,F5,Mª DIAZ HARO,M_DIAZ_HARO,3,4.879568367312281,7.565349622418496,11089
airformer,AirFormer,F5,Mª DIAZ HARO,M_DIAZ_HARO,4,5.313348310934819,8.150897193534819,11089
airformer,AirFormer,F5,Mª DIAZ HARO,M_DIAZ_HARO,5,5.546386972498405,8.465184866182755,11089
airformer,AirFormer,F5,Mª DIAZ HARO,M_DIAZ_HARO,6,5.731341761048013,8.688343881695456,11089
airformer,AirFormer,F5,Mª DIAZ HARO,M_DIAZ_HARO,7,5.875969214761469,8.86909538459826,11089
airformer,AirFormer,F5,Mª DIAZ HARO,M_DIAZ_HARO,8,5.99970876619076,9.020211232825636,11089
airformer,AirFormer,F5,Mª DIAZ HARO,M_DIAZ_HARO,9,6.095351680190067,9.1253813000134,11089
airformer,AirFormer,F5,Mª DIAZ HARO,M_DIAZ_HARO,10,6.189874273004841,9.228534145297848,11089
airformer,AirFormer,F5,Mª DIAZ HARO,M_DIAZ_HARO,11,6.2896133528719815,9.320045172122901,11089
airformer,AirFormer,F5,Mª DIAZ HARO,M_DIAZ_HARO,12,6.3855007741651,9.412884869012391,11089
airformer,AirFormer,F5,Mª DIAZ HARO,M_DIAZ_HARO,13,6.468222642355544,9.488828680273224,11089
airformer,AirFormer,F5,Mª DIAZ HARO,M_DIAZ_HARO,14,6.561359630584373,9.565222010503819,11089
airformer,AirFormer,F5,Mª DIAZ HARO,M_DIAZ_HARO,15,6.662960086288955,9.708399005308735,11089
airformer,AirFormer,F5,Mª DIAZ HARO,M_DIAZ_HARO,16,6.716880093296824,9.800894416533078,11089
airformer,AirFormer,F5,Mª DIAZ HARO,M_DIAZ_HARO,17,6.773001278841051,9.861612585661332,11089
airformer,AirFormer,F5,Mª DIAZ HARO,M_DIAZ_HARO,18,6.827158424892764,9.950889751938222,11089
airformer,AirFormer,F5,Mª DIAZ HARO,M_DIAZ_HARO,19,6.861146677775576,10.017246623181645,11089
airformer,AirFormer,F5,Mª DIAZ HARO,M_DIAZ_HARO,20,6.9650982397414705,10.214148236723052,11089
airformer,AirFormer,F5,Mª DIAZ HARO,M_DIAZ_HARO,21,6.942659200973986,10.169310065758097,11089
airformer,AirFormer,F5,Mª DIAZ HARO,M_DIAZ_HARO,22,6.989794311580199,10.239211041253428,11089
airformer,AirFormer,F5,Mª DIAZ HARO,M_DIAZ_HARO,23,6.9921816115835576,10.258989067787914,11089
airformer,AirFormer,F5,Mª DIAZ HARO,M_DIAZ_HARO,24,7.019869849146278,10.296040241427972,11089
airformer,AirFormer,F5,SAN JULIAN,SAN_JULIAN,1,4.316734920234759,6.7089785923594585,11089
airformer,AirFormer,F5,SAN JULIAN,SAN_JULIAN,2,5.03032799056916,7.749279647648248,11089
airformer,AirFormer,F5,SAN JULIAN,SAN_JULIAN,3,5.374721737374089,8.375104463130672,11089
airformer,AirFormer,F5,SAN JULIAN,SAN_JULIAN,4,5.634038906293497,8.810704810813359,11089
airformer,AirFormer,F5,SAN JULIAN,SAN_JULIAN,5,5.809085121768838,9.075903427558359,11089
airformer,AirFormer,F5,SAN JULIAN,SAN_JULIAN,6,5.975215221485527,9.320182767699619,11089
airformer,AirFormer,F5,SAN JULIAN,SAN_JULIAN,7,6.098584987870177,9.488476179143879,11089
airformer,AirFormer,F5,SAN JULIAN,SAN_JULIAN,8,6.205812594707625,9.642338614031086,11089
airformer,AirFormer,F5,SAN JULIAN,SAN_JULIAN,9,6.32418542463406,9.756310883192894,11089
airformer,AirFormer,F5,SAN JULIAN,SAN_JULIAN,10,6.4445716890332845,9.879171340878019,11089
airformer,AirFormer,F5,SAN JULIAN,SAN_JULIAN,11,6.5359746055506704,9.965878823383521,11089
airformer,AirFormer,F5,SAN JULIAN,SAN_JULIAN,12,6.580654422030026,10.020276028136207,11089
airformer,AirFormer,F5,SAN JULIAN,SAN_JULIAN,13,6.64785370395422,10.081045233506606,11089
airformer,AirFormer,F5,SAN JULIAN,SAN_JULIAN,14,6.692384804775442,10.127767425162201,11089
airformer,AirFormer,F5,SAN JULIAN,SAN_JULIAN,15,6.748468320700183,10.172225902377852,11089
airformer,AirFormer,F5,SAN JULIAN,SAN_JULIAN,16,6.798001271952304,10.2390601647573,11089
airformer,AirFormer,F5,SAN JULIAN,SAN_JULIAN,17,6.8272962986009285,10.297144046079357,11089
airformer,AirFormer,F5,SAN JULIAN,SAN_JULIAN,18,6.884872835270932,10.391903935356428,11089
airformer,AirFormer,F5,SAN JULIAN,SAN_JULIAN,19,6.92256007098627,10.452041985966163,11089
airformer,AirFormer,F5,SAN JULIAN,SAN_JULIAN,20,6.940663191934414,10.523184478826934,11089
airformer,AirFormer,F5,SAN JULIAN,SAN_JULIAN,21,6.972252385568356,10.587167904229348,11089
airformer,AirFormer,F5,SAN JULIAN,SAN_JULIAN,22,7.0139400360227135,10.656333959323478,11089
airformer,AirFormer,F5,SAN JULIAN,SAN_JULIAN,23,7.0423527835068835,10.72315181174886,11089
airformer,AirFormer,F5,SAN JULIAN,SAN_JULIAN,24,7.071705406399498,10.758538265930946,11089
airformer,AirFormer,F5,SAN MIGUEL,SAN_MIGUEL,1,2.1400601572529876,3.2349606756279665,11089
airformer,AirFormer,F5,SAN MIGUEL,SAN_MIGUEL,2,2.8930489129613353,4.33648587340216,11089
airformer,AirFormer,F5,SAN MIGUEL,SAN_MIGUEL,3,3.4179030496313656,5.012249972550522,11089
airformer,AirFormer,F5,SAN MIGUEL,SAN_MIGUEL,4,3.7957277266582965,5.538714519877452,11089
airformer,AirFormer,F5,SAN MIGUEL,SAN_MIGUEL,5,4.004524833700872,5.775992839058468,11089
airformer,AirFormer,F5,SAN MIGUEL,SAN_MIGUEL,6,4.204036791037154,6.044388911508335,11089
airformer,AirFormer,F5,SAN MIGUEL,SAN_MIGUEL,7,4.306956018013911,6.157640793352519,11089
airformer,AirFormer,F5,SAN MIGUEL,SAN_MIGUEL,8,4.455243859216685,6.310641249617836,11089
airformer,AirFormer,F5,SAN MIGUEL,SAN_MIGUEL,9,4.573926475353587,6.466234574112257,11089
airformer,AirFormer,F5,SAN MIGUEL,SAN_MIGUEL,10,4.6744858968547085,6.529531413206814,11089
airformer,AirFormer,F5,SAN MIGUEL,SAN_MIGUEL,11,4.784790589302222,6.641693021018354,11089
airformer,AirFormer,F5,SAN MIGUEL,SAN_MIGUEL,12,4.866750510242678,6.699734938593269,11089
airformer,AirFormer,F5,SAN MIGUEL,SAN_MIGUEL,13,4.9949759807048295,6.788738722951167,11089
airformer,AirFormer,F5,SAN MIGUEL,SAN_MIGUEL,14,5.021063829050985,6.806078451493528,11089
airformer,AirFormer,F5,SAN MIGUEL,SAN_MIGUEL,15,5.112301008341622,6.8700684501367,11089
airformer,AirFormer,F5,SAN MIGUEL,SAN_MIGUEL,16,5.128680196979325,6.856920574154977,11089
airformer,AirFormer,F5,SAN MIGUEL,SAN_MIGUEL,17,5.1825032118089425,6.886318240458436,11089
airformer,AirFormer,F5,SAN MIGUEL,SAN_MIGUEL,18,5.178157408896016,6.895791227517134,11089
airformer,AirFormer,F5,SAN MIGUEL,SAN_MIGUEL,19,5.233619641565376,6.933942927255763,11089
airformer,AirFormer,F5,SAN MIGUEL,SAN_MIGUEL,20,5.237960785157043,6.947361071198746,11089
airformer,AirFormer,F5,SAN MIGUEL,SAN_MIGUEL,21,5.22948809140474,6.914824155395302,11089
airformer,AirFormer,F5,SAN MIGUEL,SAN_MIGUEL,22,5.2909928806974715,6.9810076123237526,11089
airformer,AirFormer,F5,SAN MIGUEL,SAN_MIGUEL,23,5.330082583162974,6.973116477857479,11089
airformer,AirFormer,F5,SAN MIGUEL,SAN_MIGUEL,24,5.423580672444445,7.083991227315453,11089
airformer,AirFormer,F5,SANGRONIZ,SANGRONIZ,1,3.6590034303571417,6.034081026805585,11089
airformer,AirFormer,F5,SANGRONIZ,SANGRONIZ,2,4.428817957018868,7.119267493829806,11089
airformer,AirFormer,F5,SANGRONIZ,SANGRONIZ,3,4.811326494895473,7.609191866960706,11089
airformer,AirFormer,F5,SANGRONIZ,SANGRONIZ,4,5.122397896273614,8.027565144099203,11089
airformer,AirFormer,F5,SANGRONIZ,SANGRONIZ,5,5.360147107162428,8.34480866285852,11089
airformer,AirFormer,F5,SANGRONIZ,SANGRONIZ,6,5.553387376720089,8.595982295798247,11089
airformer,AirFormer,F5,SANGRONIZ,SANGRONIZ,7,5.682395422960685,8.767996263148385,11089
airformer,AirFormer,F5,SANGRONIZ,SANGRONIZ,8,5.812750133361665,8.894182948340314,11089
airformer,AirFormer,F5,SANGRONIZ,SANGRONIZ,9,5.924996837136421,8.988186106577942,11089
airformer,AirFormer,F5,SANGRONIZ,SANGRONIZ,10,6.021390522447631,9.07979714220676,11089
airformer,AirFormer,F5,SANGRONIZ,SANGRONIZ,11,6.108297646448818,9.155890433660133,11089
airformer,AirFormer,F5,SANGRONIZ,SANGRONIZ,12,6.182266601977373,9.217752567430193,11089
airformer,AirFormer,F5,SANGRONIZ,SANGRONIZ,13,6.265576539816639,9.270381655695509,11089
airformer,AirFormer,F5,SANGRONIZ,SANGRONIZ,14,6.315748780570734,9.310068364186545,11089
airformer,AirFormer,F5,SANGRONIZ,SANGRONIZ,15,6.364558699498885,9.352542461073682,11089
airformer,AirFormer,F5,SANGRONIZ,SANGRONIZ,16,6.425439592413567,9.430062122433402,11089
airformer,AirFormer,F5,SANGRONIZ,SANGRONIZ,17,6.490983559363096,9.485664047023814,11089
airformer,AirFormer,F5,SANGRONIZ,SANGRONIZ,18,6.532936049578414,9.566247773142004,11089
airformer,AirFormer,F5,SANGRONIZ,SANGRONIZ,19,6.573302603830067,9.624288536827121,11089
airformer,AirFormer,F5,SANGRONIZ,SANGRONIZ,20,6.610106412772502,9.711529397562433,11089
airformer,AirFormer,F5,SANGRONIZ,SANGRONIZ,21,6.637999122443153,9.784203309776945,11089
airformer,AirFormer,F5,SANGRONIZ,SANGRONIZ,22,6.684666958907887,9.86985715610356,11089
airformer,AirFormer,F5,SANGRONIZ,SANGRONIZ,23,6.716860375097761,9.928498518712633,11089
airformer,AirFormer,F5,SANGRONIZ,SANGRONIZ,24,6.728170058673299,9.952993512166488,11089
airformer,AirFormer,F5,SANTURCE,SANTURCE,1,4.037489167733837,6.035396989727705,11089
airformer,AirFormer,F5,SANTURCE,SANTURCE,2,4.625596016003105,6.71288636196384,11089
airformer,AirFormer,F5,SANTURCE,SANTURCE,3,4.979888920358717,7.161206809133855,11089
airformer,AirFormer,F5,SANTURCE,SANTURCE,4,5.312271541766086,7.597371063306101,11089
airformer,AirFormer,F5,SANTURCE,SANTURCE,5,5.582452689680054,7.953131268838554,11089
airformer,AirFormer,F5,SANTURCE,SANTURCE,6,5.746762076128549,8.186251444614692,11089
airformer,AirFormer,F5,SANTURCE,SANTURCE,7,5.85749593771378,8.318012129205288,11089
airformer,AirFormer,F5,SANTURCE,SANTURCE,8,5.995513047225117,8.464210116687463,11089
airformer,AirFormer,F5,SANTURCE,SANTURCE,9,6.107387541950593,8.576587625057464,11089
airformer,AirFormer,F5,SANTURCE,SANTURCE,10,6.199510794118503,8.628238085852946,11089
airformer,AirFormer,F5,SANTURCE,SANTURCE,11,6.252929338074556,8.65595567543821,11089
airformer,AirFormer,F5,SANTURCE,SANTURCE,12,6.301375755122919,8.694020678899863,11089
airformer,AirFormer,F5,SANTURCE,SANTURCE,13,6.366112883887135,8.729999741453707,11089
airformer,AirFormer,F5,SANTURCE,SANTURCE,14,6.379588865719965,8.730138341156914,11089
airformer,AirFormer,F5,SANTURCE,SANTURCE,15,6.497446889711336,8.823234883858921,11089
airformer,AirFormer,F5,SANTURCE,SANTURCE,16,6.50088123265116,8.800816786256764,11089
airformer,AirFormer,F5,SANTURCE,SANTURCE,17,6.553328887390073,8.844398972635897,11089
airformer,AirFormer,F5,SANTURCE,SANTURCE,18,6.639401648749586,8.961278960046286,11089
airformer,AirFormer,F5,SANTURCE,SANTURCE,19,6.689048180643351,9.021904088261184,11089
airformer,AirFormer,F5,SANTURCE,SANTURCE,20,6.752272028135688,9.134659832389215,11089
airformer,AirFormer,F5,SANTURCE,SANTURCE,21,6.744600271939995,9.137957105100863,11089
airformer,AirFormer,F5,SANTURCE,SANTURCE,22,6.864576066794865,9.306655139501014,11089
airformer,AirFormer,F5,SANTURCE,SANTURCE,23,6.894666297429955,9.362171726888587,11089
airformer,AirFormer,F5,SANTURCE,SANTURCE,24,6.9004543111197245,9.423280033747625,11089
airformer,AirFormer,F5,ZIERBENA (Puerto),ZIERBENA_PUERTO,1,4.758499602392545,9.279541952223566,11089
airformer,AirFormer,F5,ZIERBENA (Puerto),ZIERBENA_PUERTO,2,6.160321237505777,11.175490568898557,11089
airformer,AirFormer,F5,ZIERBENA (Puerto),ZIERBENA_PUERTO,3,6.661433832027708,11.746641944381919,11089
airformer,AirFormer,F5,ZIERBENA (Puerto),ZIERBENA_PUERTO,4,6.977415572340252,12.133059629152456,11089
airformer,AirFormer,F5,ZIERBENA (Puerto),ZIERBENA_PUERTO,5,7.208996809359893,12.369815679871413,11089
airformer,AirFormer,F5,ZIERBENA (Puerto),ZIERBENA_PUERTO,6,7.403088874474607,12.583048326947845,11089
airformer,AirFormer,F5,ZIERBENA (Puerto),ZIERBENA_PUERTO,7,7.548129823448876,12.748858663751044,11089
airformer,AirFormer,F5,ZIERBENA (Puerto),ZIERBENA_PUERTO,8,7.66590341793662,12.873189508795445,11089
airformer,AirFormer,F5,ZIERBENA (Puerto),ZIERBENA_PUERTO,9,7.79586868013507,12.970705918444407,11089
airformer,AirFormer,F5,ZIERBENA (Puerto),ZIERBENA_PUERTO,10,7.860234514135484,13.024007606464819,11089
airformer,AirFormer,F5,ZIERBENA (Puerto),ZIERBENA_PUERTO,11,7.910513001036973,13.052418490922088,11089
airformer,AirFormer,F5,ZIERBENA (Puerto),ZIERBENA_PUERTO,12,7.96243314698321,13.086499133127893,11089
airformer,AirFormer,F5,ZIERBENA (Puerto),ZIERBENA_PUERTO,13,8.037734765659883,13.136063271181287,11089
airformer,AirFormer,F5,ZIERBENA (Puerto),ZIERBENA_PUERTO,14,8.090541394798134,13.179363373768734,11089
airformer,AirFormer,F5,ZIERBENA (Puerto),ZIERBENA_PUERTO,15,8.132304528931542,13.193635315671534,11089
airformer,AirFormer,F5,ZIERBENA (Puerto),ZIERBENA_PUERTO,16,8.185462337349069,13.222886535761267,11089
airformer,AirFormer,F5,ZIERBENA (Puerto),ZIERBENA_PUERTO,17,8.234586990259091,13.271380808261588,11089
airformer,AirFormer,F5,ZIERBENA (Puerto),ZIERBENA_PUERTO,18,8.297305009117611,13.339011993875424,11089
airformer,AirFormer,F5,ZIERBENA (Puerto),ZIERBENA_PUERTO,19,8.334571453821713,13.38423855178153,11089
airformer,AirFormer,F5,ZIERBENA (Puerto),ZIERBENA_PUERTO,20,8.376730718715013,13.461722775779403,11089
airformer,AirFormer,F5,ZIERBENA (Puerto),ZIERBENA_PUERTO,21,8.400297698214354,13.521127046007367,11089
airformer,AirFormer,F5,ZIERBENA (Puerto),ZIERBENA_PUERTO,22,8.425794233954601,13.570360751673517,11089
airformer,AirFormer,F5,ZIERBENA (Puerto),ZIERBENA_PUERTO,23,8.452688950672712,13.628847883630145,11089
airformer,AirFormer,F5,ZIERBENA (Puerto),ZIERBENA_PUERTO,24,8.476053672783303,13.664043366322488,11089
informer,Informer2020,F1,ABANTO,ABANTO,1,3.0380443671423674,4.88912783121219,11079
informer,Informer2020,F1,ABANTO,ABANTO,2,3.957583093249195,6.160298649575824,11079
informer,Informer2020,F1,ABANTO,ABANTO,3,4.198639911767201,6.454473029580646,11079
informer,Informer2020,F1,ABANTO,ABANTO,4,4.402011306132404,6.682255357152575,11079
informer,Informer2020,F1,ABANTO,ABANTO,5,4.563909366982915,6.874378790562771,11079
informer,Informer2020,F1,ABANTO,ABANTO,6,4.709376914943997,7.019441462773697,11079
informer,Informer2020,F1,ABANTO,ABANTO,7,4.727903561043049,7.105244696484803,11079
informer,Informer2020,F1,ABANTO,ABANTO,8,4.797465918834973,7.239110187903261,11079
informer,Informer2020,F1,ABANTO,ABANTO,9,4.873053665611534,7.370322746383292,11079
informer,Informer2020,F1,ABANTO,ABANTO,10,4.931654052459866,7.413596820241271,11079
informer,Informer2020,F1,ABANTO,ABANTO,11,4.981967769639815,7.447628985568407,11079
informer,Informer2020,F1,ABANTO,ABANTO,12,5.041958846460983,7.4983030496670136,11079
informer,Informer2020,F1,ABANTO,ABANTO,13,5.155171847851346,7.566353967855799,11079
informer,Informer2020,F1,ABANTO,ABANTO,14,5.158732080608608,7.598230980147854,11079
informer,Informer2020,F1,ABANTO,ABANTO,15,5.2118943937849584,7.6586737934009586,11079
informer,Informer2020,F1,ABANTO,ABANTO,16,5.255550615047518,7.66633915014235,11079
informer,Informer2020,F1,ABANTO,ABANTO,17,5.301829737804119,7.693333297589131,11079
informer,Informer2020,F1,ABANTO,ABANTO,18,5.348501805462217,7.728457307430457,11079
informer,Informer2020,F1,ABANTO,ABANTO,19,5.4361823288788536,7.827919578739728,11079
informer,Informer2020,F1,ABANTO,ABANTO,20,5.482421875853372,7.849965071744528,11079
informer,Informer2020,F1,ABANTO,ABANTO,21,5.512536562782503,7.881081489048332,11079
informer,Informer2020,F1,ABANTO,ABANTO,22,5.513656262207779,7.881537630335815,11079
informer,Informer2020,F1,ABANTO,ABANTO,23,5.549000435835009,7.885639265224415,11079
informer,Informer2020,F1,ABANTO,ABANTO,24,5.5718564583923,7.929116388724692,11079
informer,Informer2020,F1,ALGORTA_BBIZI2,ALGORTA_BBIZI2,1,6.307335840239808,9.943334912668545,11008
informer,Informer2020,F1,ALGORTA_BBIZI2,ALGORTA_BBIZI2,2,8.085433998094347,11.769833261237286,11008
informer,Informer2020,F1,ALGORTA_BBIZI2,ALGORTA_BBIZI2,3,8.408074235141488,12.263774176228418,11008
informer,Informer2020,F1,ALGORTA_BBIZI2,ALGORTA_BBIZI2,4,8.74286542257412,12.623265995366715,11008
informer,Informer2020,F1,ALGORTA_BBIZI2,ALGORTA_BBIZI2,5,8.911693691823121,12.836590918821823,11008
informer,Informer2020,F1,ALGORTA_BBIZI2,ALGORTA_BBIZI2,6,9.039361800573172,13.02185061562578,11008
informer,Informer2020,F1,ALGORTA_BBIZI2,ALGORTA_BBIZI2,7,8.783598094748108,12.950286334896745,11008
informer,Informer2020,F1,ALGORTA_BBIZI2,ALGORTA_BBIZI2,8,8.854679944254002,13.0657693243257,11008
informer,Informer2020,F1,ALGORTA_BBIZI2,ALGORTA_BBIZI2,9,8.948173314138586,13.16895270922113,11008
informer,Informer2020,F1,ALGORTA_BBIZI2,ALGORTA_BBIZI2,10,8.98539076946267,13.20265170610706,11008
informer,Informer2020,F1,ALGORTA_BBIZI2,ALGORTA_BBIZI2,11,9.055187921127027,13.25319415053135,11008
informer,Informer2020,F1,ALGORTA_BBIZI2,ALGORTA_BBIZI2,12,9.12371635507178,13.309088510366788,11008
informer,Informer2020,F1,ALGORTA_BBIZI2,ALGORTA_BBIZI2,13,9.164632116606487,13.39097720945848,11008
informer,Informer2020,F1,ALGORTA_BBIZI2,ALGORTA_BBIZI2,14,9.160117965366537,13.386696778752196,11008
informer,Informer2020,F1,ALGORTA_BBIZI2,ALGORTA_BBIZI2,15,9.153563079756816,13.398483613704547,11008
informer,Informer2020,F1,ALGORTA_BBIZI2,ALGORTA_BBIZI2,16,9.155110835961995,13.375384512683883,11008
informer,Informer2020,F1,ALGORTA_BBIZI2,ALGORTA_BBIZI2,17,9.173469273370287,13.400763898023017,11008
informer,Informer2020,F1,ALGORTA_BBIZI2,ALGORTA_BBIZI2,18,9.192177870690719,13.435517925427604,11008
informer,Informer2020,F1,ALGORTA_BBIZI2,ALGORTA_BBIZI2,19,9.08726780242224,13.421729137755102,11008
informer,Informer2020,F1,ALGORTA_BBIZI2,ALGORTA_BBIZI2,20,9.102335598853898,13.421763350325396,11008
informer,Informer2020,F1,ALGORTA_BBIZI2,ALGORTA_BBIZI2,21,9.105572530141204,13.424044109977118,11008
informer,Informer2020,F1,ALGORTA_BBIZI2,ALGORTA_BBIZI2,22,9.126064440087312,13.450883365688291,11008
informer,Informer2020,F1,ALGORTA_BBIZI2,ALGORTA_BBIZI2,23,9.123956341595717,13.44780836934499,11008
informer,Informer2020,F1,ALGORTA_BBIZI2,ALGORTA_BBIZI2,24,9.121253245417403,13.4832600374911,11008
informer,Informer2020,F1,ALONSOTEGI,ALONSOTEGI,1,3.1400055095857473,4.623384738440219,10833
informer,Informer2020,F1,ALONSOTEGI,ALONSOTEGI,2,4.573275116459296,7.063203375781217,10833
informer,Informer2020,F1,ALONSOTEGI,ALONSOTEGI,3,5.041718878863221,7.5972586962690185,10833
informer,Informer2020,F1,ALONSOTEGI,ALONSOTEGI,4,5.369505354563724,7.960002547646995,10833
informer,Informer2020,F1,ALONSOTEGI,ALONSOTEGI,5,5.636255844905897,8.360414237115576,10833
informer,Informer2020,F1,ALONSOTEGI,ALONSOTEGI,6,5.831904553933804,8.673687304280987,10833
informer,Informer2020,F1,ALONSOTEGI,ALONSOTEGI,7,5.963904244438013,8.91510052139786,10833
informer,Informer2020,F1,ALONSOTEGI,ALONSOTEGI,8,5.993833676000172,8.993174770220046,10833
informer,Informer2020,F1,ALONSOTEGI,ALONSOTEGI,9,6.088310839346454,9.139142381006943,10833
informer,Informer2020,F1,ALONSOTEGI,ALONSOTEGI,10,6.140503705428937,9.193234718167185,10833
informer,Informer2020,F1,ALONSOTEGI,ALONSOTEGI,11,6.195921757107095,9.23971773026063,10833
informer,Informer2020,F1,ALONSOTEGI,ALONSOTEGI,12,6.248605653603473,9.294500755089901,10833
informer,Informer2020,F1,ALONSOTEGI,ALONSOTEGI,13,6.390032648844459,9.361076363676112,10833
informer,Informer2020,F1,ALONSOTEGI,ALONSOTEGI,14,6.3458118304079365,9.345778314409218,10833
informer,Informer2020,F1,ALONSOTEGI,ALONSOTEGI,15,6.3585073681836795,9.383356764696234,10833
informer,Informer2020,F1,ALONSOTEGI,ALONSOTEGI,16,6.36897129033907,9.38002163736707,10833
informer,Informer2020,F1,ALONSOTEGI,ALONSOTEGI,17,6.402374843843535,9.391944510833056,10833
informer,Informer2020,F1,ALONSOTEGI,ALONSOTEGI,18,6.442872993765915,9.415198255318117,10833
informer,Informer2020,F1,ALONSOTEGI,ALONSOTEGI,19,6.472875702475694,9.407963586669032,10833
informer,Informer2020,F1,ALONSOTEGI,ALONSOTEGI,20,6.446512501923858,9.398187421174613,10833
informer,Informer2020,F1,ALONSOTEGI,ALONSOTEGI,21,6.426047495585485,9.381327332157111,10833
informer,Informer2020,F1,ALONSOTEGI,ALONSOTEGI,22,6.434891040389183,9.377175759810983,10833
informer,Informer2020,F1,ALONSOTEGI,ALONSOTEGI,23,6.449955676409963,9.398573757372517,10833
informer,Informer2020,F1,ALONSOTEGI,ALONSOTEGI,24,6.453858215741219,9.433400924935102,10833
informer,Informer2020,F1,ARRAIZ_Monte,ARRAIZ_MONTE,1,2.091229098921956,3.5239574410981924,11041
informer,Informer2020,F1,ARRAIZ_Monte,ARRAIZ_MONTE,2,2.983572698023722,4.9498325434947335,11041
informer,Informer2020,F1,ARRAIZ_Monte,ARRAIZ_MONTE,3,3.5418392330468147,5.766686947049382,11041
informer,Informer2020,F1,ARRAIZ_Monte,ARRAIZ_MONTE,4,4.000530483889427,6.464440963633903,11041
informer,Informer2020,F1,ARRAIZ_Monte,ARRAIZ_MONTE,5,4.377657406952076,7.056959719169248,11041
informer,Informer2020,F1,ARRAIZ_Monte,ARRAIZ_MONTE,6,4.6846076626420246,7.538377152252171,11041
informer,Informer2020,F1,ARRAIZ_Monte,ARRAIZ_MONTE,7,4.997911515604528,7.901428613185946,11041
informer,Informer2020,F1,ARRAIZ_Monte,ARRAIZ_MONTE,8,5.179383019040609,8.130588481832005,11041
informer,Informer2020,F1,ARRAIZ_Monte,ARRAIZ_MONTE,9,5.336965458158378,8.367535649073913,11041
informer,Informer2020,F1,ARRAIZ_Monte,ARRAIZ_MONTE,10,5.488206370242416,8.599844387718303,11041
informer,Informer2020,F1,ARRAIZ_Monte,ARRAIZ_MONTE,11,5.601180155145605,8.738607981230317,11041
informer,Informer2020,F1,ARRAIZ_Monte,ARRAIZ_MONTE,12,5.714996854185849,8.864201570605896,11041
informer,Informer2020,F1,ARRAIZ_Monte,ARRAIZ_MONTE,13,5.7714135245063884,8.883081263614256,11041
informer,Informer2020,F1,ARRAIZ_Monte,ARRAIZ_MONTE,14,5.855826385290781,8.996105763332341,11041
informer,Informer2020,F1,ARRAIZ_Monte,ARRAIZ_MONTE,15,5.92909812431766,9.129589454021863,11041
informer,Informer2020,F1,ARRAIZ_Monte,ARRAIZ_MONTE,16,5.969659085051041,9.149681293445191,11041
informer,Informer2020,F1,ARRAIZ_Monte,ARRAIZ_MONTE,17,6.016733215151023,9.199356306186848,11041
informer,Informer2020,F1,ARRAIZ_Monte,ARRAIZ_MONTE,18,6.070534039088338,9.270619009092414,11041
informer,Informer2020,F1,ARRAIZ_Monte,ARRAIZ_MONTE,19,6.147588029517272,9.427806943825225,11041
informer,Informer2020,F1,ARRAIZ_Monte,ARRAIZ_MONTE,20,6.199953738085188,9.474148077767724,11041
informer,Informer2020,F1,ARRAIZ_Monte,ARRAIZ_MONTE,21,6.242146614346143,9.518279883897938,11041
informer,Informer2020,F1,ARRAIZ_Monte,ARRAIZ_MONTE,22,6.280609464217809,9.54257529436954,11041
informer,Informer2020,F1,ARRAIZ_Monte,ARRAIZ_MONTE,23,6.317564152648371,9.576534419320643,11041
informer,Informer2020,F1,ARRAIZ_Monte,ARRAIZ_MONTE,24,6.367291643790207,9.628020988124149,11041
informer,Informer2020,F1,BARAKALDO,BARAKALDO,1,4.195970076465137,6.830596847097054,10778
informer,Informer2020,F1,BARAKALDO,BARAKALDO,2,5.265564556442102,8.613228587744276,10778
informer,Informer2020,F1,BARAKALDO,BARAKALDO,3,5.64808285040896,9.06257576166669,10778
informer,Informer2020,F1,BARAKALDO,BARAKALDO,4,5.950911959398612,9.419967764780706,10778
informer,Informer2020,F1,BARAKALDO,BARAKALDO,5,6.214770288100478,9.707823092161506,10778
informer,Informer2020,F1,BARAKALDO,BARAKALDO,6,6.409812513390941,9.96493385806163,10778
informer,Informer2020,F1,BARAKALDO,BARAKALDO,7,6.641854209291876,10.135267421994872,10778
informer,Informer2020,F1,BARAKALDO,BARAKALDO,8,6.790131894720724,10.285193824362825,10778
informer,Informer2020,F1,BARAKALDO,BARAKALDO,9,6.9107772710002635,10.41249648956348,10778
informer,Informer2020,F1,BARAKALDO,BARAKALDO,10,7.0008150039097945,10.515467257015574,10778
informer,Informer2020,F1,BARAKALDO,BARAKALDO,11,7.107071019797873,10.612693125899254,10778
informer,Informer2020,F1,BARAKALDO,BARAKALDO,12,7.209653004790292,10.722500481026168,10778
informer,Informer2020,F1,BARAKALDO,BARAKALDO,13,7.248775722938664,10.840466177140517,10778
informer,Informer2020,F1,BARAKALDO,BARAKALDO,14,7.258778261673871,10.910462775416176,10778
informer,Informer2020,F1,BARAKALDO,BARAKALDO,15,7.322337387667789,10.995072957970615,10778
informer,Informer2020,F1,BARAKALDO,BARAKALDO,16,7.37720065418545,11.054523462026568,10778
informer,Informer2020,F1,BARAKALDO,BARAKALDO,17,7.425542160760471,11.104780248643278,10778
informer,Informer2020,F1,BARAKALDO,BARAKALDO,18,7.465829278180676,11.151868629543113,10778
informer,Informer2020,F1,BARAKALDO,BARAKALDO,19,7.565172026651827,11.318445010841279,10778
informer,Informer2020,F1,BARAKALDO,BARAKALDO,20,7.590969437776283,11.352744036060017,10778
informer,Informer2020,F1,BARAKALDO,BARAKALDO,21,7.589609646809642,11.357694684008099,10778
informer,Informer2020,F1,BARAKALDO,BARAKALDO,22,7.600447560898447,11.387960501060787,10778
informer,Informer2020,F1,BARAKALDO,BARAKALDO,23,7.625159473355575,11.415252064183862,10778
informer,Informer2020,F1,BARAKALDO,BARAKALDO,24,7.666672499039275,11.451233915677362,10778
informer,Informer2020,F1,BASAURI,BASAURI,1,4.396611176868399,7.579457223891496,10811
informer,Informer2020,F1,BASAURI,BASAURI,2,5.975496733676796,9.71639890832526,10811
informer,Informer2020,F1,BASAURI,BASAURI,3,6.195105210723988,9.95834290914449,10811
informer,Informer2020,F1,BASAURI,BASAURI,4,6.507792097906047,10.291480076221571,10811
informer,Informer2020,F1,BASAURI,BASAURI,5,6.712571261209618,10.56446830688954,10811
informer,Informer2020,F1,BASAURI,BASAURI,6,6.9204222522582635,10.805957726985183,10811
informer,Informer2020,F1,BASAURI,BASAURI,7,7.004634736259285,11.325061262200947,10811
informer,Informer2020,F1,BASAURI,BASAURI,8,7.115282429916814,11.409255823912211,10811
informer,Informer2020,F1,BASAURI,BASAURI,9,7.134577742754367,11.44840892466887,10811
informer,Informer2020,F1,BASAURI,BASAURI,10,7.182273100278764,11.469446256369773,10811
informer,Informer2020,F1,BASAURI,BASAURI,11,7.262693297868304,11.536013296196307,10811
informer,Informer2020,F1,BASAURI,BASAURI,12,7.295977134557946,11.591935813455715,10811
informer,Informer2020,F1,BASAURI,BASAURI,13,7.411328072156853,11.662602901098275,10811
informer,Informer2020,F1,BASAURI,BASAURI,14,7.520121801541755,11.708326770907998,10811
informer,Informer2020,F1,BASAURI,BASAURI,15,7.534415757545518,11.698484570411868,10811
informer,Informer2020,F1,BASAURI,BASAURI,16,7.60574713265271,11.737592350233314,10811
informer,Informer2020,F1,BASAURI,BASAURI,17,7.60113355494819,11.755749615062214,10811
informer,Informer2020,F1,BASAURI,BASAURI,18,7.67208249868957,11.816039280806734,10811
informer,Informer2020,F1,BASAURI,BASAURI,19,7.844402150678329,11.993278003374414,10811
informer,Informer2020,F1,BASAURI,BASAURI,20,7.892292964923632,12.043617511070366,10811
informer,Informer2020,F1,BASAURI,BASAURI,21,7.924782862126906,12.058405397037227,10811
informer,Informer2020,F1,BASAURI,BASAURI,22,7.894430963957994,12.031367293102447,10811
informer,Informer2020,F1,BASAURI,BASAURI,23,7.8840203773834165,12.00566151102582,10811
informer,Informer2020,F1,BASAURI,BASAURI,24,7.9330367447990024,12.01477560859811,10811
informer,Informer2020,F1,CASTREJANA,CASTREJANA,1,3.3389994182929654,5.474679102247646,10976
informer,Informer2020,F1,CASTREJANA,CASTREJANA,2,4.811832345175006,7.530618682072635,10976
informer,Informer2020,F1,CASTREJANA,CASTREJANA,3,5.687772565181596,8.696139754873975,10976
informer,Informer2020,F1,CASTREJANA,CASTREJANA,4,6.260220807578922,9.421580460086059,10976
informer,Informer2020,F1,CASTREJANA,CASTREJANA,5,6.621562027487137,9.852992038269553,10976
informer,Informer2020,F1,CASTREJANA,CASTREJANA,6,6.898501221632883,10.159691683004565,10976
informer,Informer2020,F1,CASTREJANA,CASTREJANA,7,6.972239232034534,10.190506684765662,10976
informer,Informer2020,F1,CASTREJANA,CASTREJANA,8,7.049079495326214,10.267469961634257,10976
informer,Informer2020,F1,CASTREJANA,CASTREJANA,9,7.138279153952449,10.429197457792053,10976
informer,Informer2020,F1,CASTREJANA,CASTREJANA,10,7.185290907954494,10.42572749782556,10976
informer,Informer2020,F1,CASTREJANA,CASTREJANA,11,7.237117732920201,10.470587567886708,10976
informer,Informer2020,F1,CASTREJANA,CASTREJANA,12,7.283835852209832,10.522881663771619,10976
informer,Informer2020,F1,CASTREJANA,CASTREJANA,13,7.289358327872098,10.557878655883423,10976
informer,Informer2020,F1,CASTREJANA,CASTREJANA,14,7.310695135719817,10.620463256005861,10976
informer,Informer2020,F1,CASTREJANA,CASTREJANA,15,7.305680009046683,10.671486283343297,10976
informer,Informer2020,F1,CASTREJANA,CASTREJANA,16,7.318675564139757,10.568364334386276,10976
informer,Informer2020,F1,CASTREJANA,CASTREJANA,17,7.322434395993306,10.570456904045539,10976
informer,Informer2020,F1,CASTREJANA,CASTREJANA,18,7.33978394641932,10.579045676062497,10976
informer,Informer2020,F1,CASTREJANA,CASTREJANA,19,7.359499981601101,10.550046468090352,10976
informer,Informer2020,F1,CASTREJANA,CASTREJANA,20,7.3667060062111664,10.53499791368099,10976
informer,Informer2020,F1,CASTREJANA,CASTREJANA,21,7.347934072955694,10.556384624238062,10976
informer,Informer2020,F1,CASTREJANA,CASTREJANA,22,7.346013863432847,10.449760394479963,10976
informer,Informer2020,F1,CASTREJANA,CASTREJANA,23,7.356466478442323,10.424347535971991,10976
informer,Informer2020,F1,CASTREJANA,CASTREJANA,24,7.379769560381509,10.434798618879732,10976
informer,Informer2020,F1,ERANDIO,ERANDIO,1,3.834965083688145,6.456526898257272,11079
informer,Informer2020,F1,ERANDIO,ERANDIO,2,5.056500719064451,8.21276208118796,11079
informer,Informer2020,F1,ERANDIO,ERANDIO,3,5.481514202478763,8.649718724351766,11079
informer,Informer2020,F1,ERANDIO,ERANDIO,4,5.764951520771577,8.950925463894722,11079
informer,Informer2020,F1,ERANDIO,ERANDIO,5,5.996263522462849,9.19671317820682,11079
informer,Informer2020,F1,ERANDIO,ERANDIO,6,6.168803082221169,9.38646869119332,11079
informer,Informer2020,F1,ERANDIO,ERANDIO,7,6.6725352780660785,9.743772180849941,11079
informer,Informer2020,F1,ERANDIO,ERANDIO,8,6.725482299839641,9.88277297263434,11079
informer,Informer2020,F1,ERANDIO,ERANDIO,9,6.725847512816434,9.959316146671952,11079
informer,Informer2020,F1,ERANDIO,ERANDIO,10,6.770997411102137,9.993152148609624,11079
informer,Informer2020,F1,ERANDIO,ERANDIO,11,6.804221975309392,10.018559985806663,11079
informer,Informer2020,F1,ERANDIO,ERANDIO,12,6.849860587729426,10.050456400697847,11079
informer,Informer2020,F1,ERANDIO,ERANDIO,13,6.675383798313276,10.155462497573494,11079
informer,Informer2020,F1,ERANDIO,ERANDIO,14,6.731893210189544,10.240633787654149,11079
informer,Informer2020,F1,ERANDIO,ERANDIO,15,6.775250518928267,10.306271299760938,11079
informer,Informer2020,F1,ERANDIO,ERANDIO,16,6.79018573717182,10.299512724841643,11079
informer,Informer2020,F1,ERANDIO,ERANDIO,17,6.837837348868589,10.330045069673028,11079
informer,Informer2020,F1,ERANDIO,ERANDIO,18,6.908656297130671,10.390927267586722,11079
informer,Informer2020,F1,ERANDIO,ERANDIO,19,7.3720690166617855,10.485989272758964,11079
informer,Informer2020,F1,ERANDIO,ERANDIO,20,7.364624988719234,10.536959156405175,11079
informer,Informer2020,F1,ERANDIO,ERANDIO,21,7.364234241286312,10.54623412989652,11079
informer,Informer2020,F1,ERANDIO,ERANDIO,22,7.341746726742893,10.503261265933126,11079
informer,Informer2020,F1,ERANDIO,ERANDIO,23,7.390592025932697,10.502996705052329,11079
informer,Informer2020,F1,ERANDIO,ERANDIO,24,7.431532310695304,10.52375923682,11079
informer,Informer2020,F1,EUROPA,EUROPA,1,3.6371746049160354,5.806403646723814,10999
informer,Informer2020,F1,EUROPA,EUROPA,2,4.530357920389873,7.734838570093968,10999
informer,Informer2020,F1,EUROPA,EUROPA,3,4.811964299283577,7.9864665231786525,10999
informer,Informer2020,F1,EUROPA,EUROPA,4,5.037585331394418,8.293663245325309,10999
informer,Informer2020,F1,EUROPA,EUROPA,5,5.261468344728224,8.54811389752123,10999
informer,Informer2020,F1,EUROPA,EUROPA,6,5.479334917239859,8.762842857324081,10999
informer,Informer2020,F1,EUROPA,EUROPA,7,5.733418647707987,9.002006724041975,10999
informer,Informer2020,F1,EUROPA,EUROPA,8,5.864013316457802,9.057701903498522,10999
informer,Informer2020,F1,EUROPA,EUROPA,9,6.021900341936287,9.174445216362365,10999
informer,Informer2020,F1,EUROPA,EUROPA,10,6.185084216240745,9.28523901807918,10999
informer,Informer2020,F1,EUROPA,EUROPA,11,6.33669380006914,9.39721694309875,10999
informer,Informer2020,F1,EUROPA,EUROPA,12,6.517356379456599,9.544334731688064,10999
informer,Informer2020,F1,EUROPA,EUROPA,13,6.232962580758945,9.52823138337056,10999
informer,Informer2020,F1,EUROPA,EUROPA,14,6.293592795926164,9.587222620783523,10999
informer,Informer2020,F1,EUROPA,EUROPA,15,6.3470577861871105,9.65728611723717,10999
informer,Informer2020,F1,EUROPA,EUROPA,16,6.386698889435129,9.685269273906728,10999
informer,Informer2020,F1,EUROPA,EUROPA,17,6.419641015034917,9.695246102968808,10999
informer,Informer2020,F1,EUROPA,EUROPA,18,6.513518266535964,9.747740375623561,10999
informer,Informer2020,F1,EUROPA,EUROPA,19,6.522087052373717,9.881564561211349,10999
informer,Informer2020,F1,EUROPA,EUROPA,20,6.538695814214845,9.97139093313459,10999
informer,Informer2020,F1,EUROPA,EUROPA,21,6.604930210657613,10.088247111785867,10999
informer,Informer2020,F1,EUROPA,EUROPA,22,6.611520717239986,10.107405315489672,10999
informer,Informer2020,F1,EUROPA,EUROPA,23,6.636339760469023,10.122633924087854,10999
informer,Informer2020,F1,EUROPA,EUROPA,24,6.694302427346885,10.150772390927402,10999
informer,Informer2020,F1,LAS_CARRERAS,LAS_CARRERAS,1,3.786018629645234,6.142611905176068,11060
informer,Informer2020,F1,LAS_CARRERAS,LAS_CARRERAS,2,4.687013484049961,7.461993278063161,11060
informer,Informer2020,F1,LAS_CARRERAS,LAS_CARRERAS,3,5.033512796105047,7.927410535264431,11060
informer,Informer2020,F1,LAS_CARRERAS,LAS_CARRERAS,4,5.232469129560146,8.143397982866306,11060
informer,Informer2020,F1,LAS_CARRERAS,LAS_CARRERAS,5,5.466115507336556,8.392042246871052,11060
informer,Informer2020,F1,LAS_CARRERAS,LAS_CARRERAS,6,5.655249181600131,8.602296812844193,11060
informer,Informer2020,F1,LAS_CARRERAS,LAS_CARRERAS,7,5.8429194962005235,8.782039715153408,11060
informer,Informer2020,F1,LAS_CARRERAS,LAS_CARRERAS,8,5.942839627712903,8.889740164724774,11060
informer,Informer2020,F1,LAS_CARRERAS,LAS_CARRERAS,9,6.044665463865275,9.014127769568045,11060
informer,Informer2020,F1,LAS_CARRERAS,LAS_CARRERAS,10,6.137715535858779,9.10603209665122,11060
informer,Informer2020,F1,LAS_CARRERAS,LAS_CARRERAS,11,6.201893813285872,9.179850578364915,11060
informer,Informer2020,F1,LAS_CARRERAS,LAS_CARRERAS,12,6.259120955126304,9.256443797644216,11060
informer,Informer2020,F1,LAS_CARRERAS,LAS_CARRERAS,13,6.323909959316096,9.327669658616054,11060
informer,Informer2020,F1,LAS_CARRERAS,LAS_CARRERAS,14,6.379747891474213,9.384518666519176,11060
informer,Informer2020,F1,LAS_CARRERAS,LAS_CARRERAS,15,6.422782726343165,9.443593030884925,11060
informer,Informer2020,F1,LAS_CARRERAS,LAS_CARRERAS,16,6.479978061764104,9.479855748922635,11060
informer,Informer2020,F1,LAS_CARRERAS,LAS_CARRERAS,17,6.516404365217946,9.513705100259406,11060
informer,Informer2020,F1,LAS_CARRERAS,LAS_CARRERAS,18,6.557804420316125,9.553723315609485,11060
informer,Informer2020,F1,LAS_CARRERAS,LAS_CARRERAS,19,6.628179890740342,9.641121945153934,11060
informer,Informer2020,F1,LAS_CARRERAS,LAS_CARRERAS,20,6.652191594644345,9.673971727208206,11060
informer,Informer2020,F1,LAS_CARRERAS,LAS_CARRERAS,21,6.677967012414208,9.718762070116464,11060
informer,Informer2020,F1,LAS_CARRERAS,LAS_CARRERAS,22,6.70864119591985,9.73651656999328,11060
informer,Informer2020,F1,LAS_CARRERAS,LAS_CARRERAS,23,6.737860092091032,9.75922391155905,11060
informer,Informer2020,F1,LAS_CARRERAS,LAS_CARRERAS,24,6.766677412007454,9.784938033874681,11060
informer,Informer2020,F1,MAZARREDO,MAZARREDO,1,2.6629966262221365,4.459476323311792,11079
informer,Informer2020,F1,MAZARREDO,MAZARREDO,2,3.472584343913361,5.785046581205813,11079
informer,Informer2020,F1,MAZARREDO,MAZARREDO,3,3.905186516089926,6.389029589740898,11079
informer,Informer2020,F1,MAZARREDO,MAZARREDO,4,4.234756028872085,6.884681699547734,11079
informer,Informer2020,F1,MAZARREDO,MAZARREDO,5,4.478401479167083,7.207621764687272,11079
informer,Informer2020,F1,MAZARREDO,MAZARREDO,6,4.678443754250282,7.464247452826368,11079
informer,Informer2020,F1,MAZARREDO,MAZARREDO,7,4.901313049450678,7.849047834071329,11079
informer,Informer2020,F1,MAZARREDO,MAZARREDO,8,5.062781882347827,8.085440817207987,11079
informer,Informer2020,F1,MAZARREDO,MAZARREDO,9,5.135011287979151,8.138890887007214,11079
informer,Informer2020,F1,MAZARREDO,MAZARREDO,10,5.219660407071308,8.2405718344608,11079
informer,Informer2020,F1,MAZARREDO,MAZARREDO,11,5.308394936857024,8.325622844752312,11079
informer,Informer2020,F1,MAZARREDO,MAZARREDO,12,5.383549845578488,8.406901674209777,11079
informer,Informer2020,F1,MAZARREDO,MAZARREDO,13,5.489593959402875,8.47040941266369,11079
informer,Informer2020,F1,MAZARREDO,MAZARREDO,14,5.503654281828733,8.498835457113989,11079
informer,Informer2020,F1,MAZARREDO,MAZARREDO,15,5.523385236636045,8.559727252771477,11079
informer,Informer2020,F1,MAZARREDO,MAZARREDO,16,5.572281365834384,8.5571589005958,11079
informer,Informer2020,F1,MAZARREDO,MAZARREDO,17,5.6050521613749895,8.57032430961094,11079
informer,Informer2020,F1,MAZARREDO,MAZARREDO,18,5.66198891543083,8.60550168637607,11079
informer,Informer2020,F1,MAZARREDO,MAZARREDO,19,5.68143011701982,8.689987125286258,11079
informer,Informer2020,F1,MAZARREDO,MAZARREDO,20,5.72113433569802,8.785740642485356,11079
informer,Informer2020,F1,MAZARREDO,MAZARREDO,21,5.740529964237187,8.808860815895697,11079
informer,Informer2020,F1,MAZARREDO,MAZARREDO,22,5.765427332769872,8.797490920709425,11079
informer,Informer2020,F1,MAZARREDO,MAZARREDO,23,5.778441588862453,8.769472833134213,11079
informer,Informer2020,F1,MAZARREDO,MAZARREDO,24,5.806748670135698,8.780861516940671,11079
informer,Informer2020,F1,MUSKIZ,MUSKIZ,1,2.6976630434930153,4.78694229292451,11012
informer,Informer2020,F1,MUSKIZ,MUSKIZ,2,3.322926138580587,6.330325344627094,11012
informer,Informer2020,F1,MUSKIZ,MUSKIZ,3,3.47486709909137,6.5324165839592325,11012
informer,Informer2020,F1,MUSKIZ,MUSKIZ,4,3.6300062830069475,6.754065385572726,11012
informer,Informer2020,F1,MUSKIZ,MUSKIZ,5,3.784364569817022,6.999628965847005,11012
informer,Informer2020,F1,MUSKIZ,MUSKIZ,6,3.9268618381038882,7.197964706580037,11012
informer,Informer2020,F1,MUSKIZ,MUSKIZ,7,4.204430832903393,7.406943181149776,11012
informer,Informer2020,F1,MUSKIZ,MUSKIZ,8,4.286619635561844,7.524583442731947,11012
informer,Informer2020,F1,MUSKIZ,MUSKIZ,9,4.365028583329614,7.6129308942056735,11012
informer,Informer2020,F1,MUSKIZ,MUSKIZ,10,4.435795768112834,7.678299249558914,11012
informer,Informer2020,F1,MUSKIZ,MUSKIZ,11,4.499827317918595,7.75667157063527,11012
informer,Informer2020,F1,MUSKIZ,MUSKIZ,12,4.556070148108868,7.831863585587679,11012
informer,Informer2020,F1,MUSKIZ,MUSKIZ,13,4.641408744555278,7.867473333211678,11012
informer,Informer2020,F1,MUSKIZ,MUSKIZ,14,4.668022194462362,7.93390549915323,11012
informer,Informer2020,F1,MUSKIZ,MUSKIZ,15,4.675416744020347,8.008779152591714,11012
informer,Informer2020,F1,MUSKIZ,MUSKIZ,16,4.720753495575967,8.029675895725553,11012
informer,Informer2020,F1,MUSKIZ,MUSKIZ,17,4.757934510483322,8.058855491134686,11012
informer,Informer2020,F1,MUSKIZ,MUSKIZ,18,4.793769827025513,8.090216802867568,11012
informer,Informer2020,F1,MUSKIZ,MUSKIZ,19,4.970147740388389,8.141973741928743,11012
informer,Informer2020,F1,MUSKIZ,MUSKIZ,20,4.961199791725744,8.181383273092287,11012
informer,Informer2020,F1,MUSKIZ,MUSKIZ,21,4.953638117924098,8.212339125466473,11012
informer,Informer2020,F1,MUSKIZ,MUSKIZ,22,4.959666250217799,8.211789147715104,11012
informer,Informer2020,F1,MUSKIZ,MUSKIZ,23,4.960621767341606,8.221812461939471,11012
informer,Informer2020,F1,MUSKIZ,MUSKIZ,24,4.978405067922933,8.239856463021155,11012
informer,Informer2020,F1,SANGRONIZ,SANGRONIZ,1,3.960551602996783,6.469769579159715,11079
informer,Informer2020,F1,SANGRONIZ,SANGRONIZ,2,5.006794429747185,7.928934904060858,11079
informer,Informer2020,F1,SANGRONIZ,SANGRONIZ,3,5.3417033947244095,8.33158802660599,11079
informer,Informer2020,F1,SANGRONIZ,SANGRONIZ,4,5.663378832116086,8.733079368024832,11079
informer,Informer2020,F1,SANGRONIZ,SANGRONIZ,5,5.932776696428498,9.06108548951042,11079
informer,Informer2020,F1,SANGRONIZ,SANGRONIZ,6,6.13498689312388,9.291152350024062,11079
informer,Informer2020,F1,SANGRONIZ,SANGRONIZ,7,6.265890365004577,9.407676115925693,11079
informer,Informer2020,F1,SANGRONIZ,SANGRONIZ,8,6.361954011170415,9.524816177794566,11079
informer,Informer2020,F1,SANGRONIZ,SANGRONIZ,9,6.415556281877361,9.653581055370797,11079
informer,Informer2020,F1,SANGRONIZ,SANGRONIZ,10,6.512423038983631,9.730264527877871,11079
informer,Informer2020,F1,SANGRONIZ,SANGRONIZ,11,6.612716462155919,9.81761601324775,11079
informer,Informer2020,F1,SANGRONIZ,SANGRONIZ,12,6.714443131568463,9.885382823655263,11079
informer,Informer2020,F1,SANGRONIZ,SANGRONIZ,13,6.723954150531351,9.908280750037529,11079
informer,Informer2020,F1,SANGRONIZ,SANGRONIZ,14,6.738009613163208,9.939185488004401,11079
informer,Informer2020,F1,SANGRONIZ,SANGRONIZ,15,6.729900780164469,9.954937931349427,11079
informer,Informer2020,F1,SANGRONIZ,SANGRONIZ,16,6.790741452936688,9.986081127712435,11079
informer,Informer2020,F1,SANGRONIZ,SANGRONIZ,17,6.850272321264501,10.031429521862458,11079
informer,Informer2020,F1,SANGRONIZ,SANGRONIZ,18,6.907611440034477,10.086074386563801,11079
informer,Informer2020,F1,SANGRONIZ,SANGRONIZ,19,6.988034874042765,10.15164682307492,11079
informer,Informer2020,F1,SANGRONIZ,SANGRONIZ,20,7.00018621681175,10.198104086686776,11079
informer,Informer2020,F1,SANGRONIZ,SANGRONIZ,21,7.051043933125889,10.276326657094591,11079
informer,Informer2020,F1,SANGRONIZ,SANGRONIZ,22,7.085789591033458,10.271041061755778,11079
informer,Informer2020,F1,SANGRONIZ,SANGRONIZ,23,7.138348522634245,10.2968679600679,11079
informer,Informer2020,F1,SANGRONIZ,SANGRONIZ,24,7.196542407121857,10.341954710173981,11079
informer,Informer2020,F1,SANTURCE,SANTURCE,1,4.786936638969885,6.42962798106917,11069
informer,Informer2020,F1,SANTURCE,SANTURCE,2,5.502668649928277,7.550456041272643,11069
informer,Informer2020,F1,SANTURCE,SANTURCE,3,5.5700098085128635,7.6223707526468685,11069
informer,Informer2020,F1,SANTURCE,SANTURCE,4,5.657523806088882,7.740072436163528,11069
informer,Informer2020,F1,SANTURCE,SANTURCE,5,5.8979463114079405,8.010068667424894,11069
informer,Informer2020,F1,SANTURCE,SANTURCE,6,6.051137460052093,8.198517476324039,11069
informer,Informer2020,F1,SANTURCE,SANTURCE,7,5.55386670906887,7.972666605522455,11069
informer,Informer2020,F1,SANTURCE,SANTURCE,8,5.553889981647647,7.9963031684947214,11069
informer,Informer2020,F1,SANTURCE,SANTURCE,9,5.552397845950915,7.996738986867643,11069
informer,Informer2020,F1,SANTURCE,SANTURCE,10,5.9440323043619685,8.270733350439953,11069
informer,Informer2020,F1,SANTURCE,SANTURCE,11,5.970299403605124,8.260471014772877,11069
informer,Informer2020,F1,SANTURCE,SANTURCE,12,6.1290406583256845,8.379294053765793,11069
informer,Informer2020,F1,SANTURCE,SANTURCE,13,7.233637417858934,9.338351140144582,11069
informer,Informer2020,F1,SANTURCE,SANTURCE,14,7.750563665525597,9.965992909656004,11069
informer,Informer2020,F1,SANTURCE,SANTURCE,15,7.85150543692585,10.047958785617245,11069
informer,Informer2020,F1,SANTURCE,SANTURCE,16,7.966476559288483,10.125176527776288,11069
informer,Informer2020,F1,SANTURCE,SANTURCE,17,7.749411748711658,9.81561261841959,11069
informer,Informer2020,F1,SANTURCE,SANTURCE,18,7.696675625370094,9.743687960849641,11069
informer,Informer2020,F1,SANTURCE,SANTURCE,19,7.572582062964859,9.581811983874132,11069
informer,Informer2020,F1,SANTURCE,SANTURCE,20,7.907905852413042,10.054910648323116,11069
informer,Informer2020,F1,SANTURCE,SANTURCE,21,8.44437162226365,10.85009426192426,11069
informer,Informer2020,F1,SANTURCE,SANTURCE,22,8.179562471872076,10.375029583591724,11069
informer,Informer2020,F1,SANTURCE,SANTURCE,23,7.86159736365139,9.936041312781121,11069
informer,Informer2020,F1,SANTURCE,SANTURCE,24,7.7587901880566985,9.79656353144758,11069
informer,Informer2020,F1,SAN_JULIAN,SAN_JULIAN,1,4.549966420389144,7.12302490623327,11069
informer,Informer2020,F1,SAN_JULIAN,SAN_JULIAN,2,5.407282440761311,8.42695739824077,11069
informer,Informer2020,F1,SAN_JULIAN,SAN_JULIAN,3,5.71305283913482,9.029218560970254,11069
informer,Informer2020,F1,SAN_JULIAN,SAN_JULIAN,4,5.900724009311578,9.353476103759386,11069
informer,Informer2020,F1,SAN_JULIAN,SAN_JULIAN,5,6.10788556199192,9.641071135388977,11069
informer,Informer2020,F1,SAN_JULIAN,SAN_JULIAN,6,6.315078792158007,9.956806803434793,11069
informer,Informer2020,F1,SAN_JULIAN,SAN_JULIAN,7,6.577877757104398,10.66420617906289,11069
informer,Informer2020,F1,SAN_JULIAN,SAN_JULIAN,8,6.757228227548436,11.070797853650296,11069
informer,Informer2020,F1,SAN_JULIAN,SAN_JULIAN,9,6.825968180028769,11.29906298461281,11069
informer,Informer2020,F1,SAN_JULIAN,SAN_JULIAN,10,6.92653779227061,11.45086227539057,11069
informer,Informer2020,F1,SAN_JULIAN,SAN_JULIAN,11,7.027125742694941,11.569509142728482,11069
informer,Informer2020,F1,SAN_JULIAN,SAN_JULIAN,12,7.135533824334661,11.713924063417691,11069
informer,Informer2020,F1,SAN_JULIAN,SAN_JULIAN,13,7.3774461456136935,12.141747121571807,11069
informer,Informer2020,F1,SAN_JULIAN,SAN_JULIAN,14,7.522898023642647,12.459588651945554,11069
informer,Informer2020,F1,SAN_JULIAN,SAN_JULIAN,15,7.61140857835905,12.662624362910105,11069
informer,Informer2020,F1,SAN_JULIAN,SAN_JULIAN,16,7.699903899110377,12.806863280282874,11069
informer,Informer2020,F1,SAN_JULIAN,SAN_JULIAN,17,7.7671222817317425,12.86942971785077,11069
informer,Informer2020,F1,SAN_JULIAN,SAN_JULIAN,18,7.833345963504907,12.917761409978057,11069
informer,Informer2020,F1,SAN_JULIAN,SAN_JULIAN,19,8.037694102892338,13.21566217519075,11069
informer,Informer2020,F1,SAN_JULIAN,SAN_JULIAN,20,8.13940090676896,13.21012232468553,11069
informer,Informer2020,F1,SAN_JULIAN,SAN_JULIAN,21,8.142350135556574,13.203966701197078,11069
informer,Informer2020,F1,SAN_JULIAN,SAN_JULIAN,22,8.162540972949461,13.183240368654594,11069
informer,Informer2020,F1,SAN_JULIAN,SAN_JULIAN,23,8.170645001341795,13.157492574124234,11069
informer,Informer2020,F1,SAN_JULIAN,SAN_JULIAN,24,8.187955510472356,13.135142551760225,11069
informer,Informer2020,F1,SAN_MIGUEL,SAN_MIGUEL,1,2.0335520643339486,2.7949469604483945,10882
informer,Informer2020,F1,SAN_MIGUEL,SAN_MIGUEL,2,2.6288737111285476,3.8727749261907753,10882
informer,Informer2020,F1,SAN_MIGUEL,SAN_MIGUEL,3,2.932780926661907,4.475268308961716,10882
informer,Informer2020,F1,SAN_MIGUEL,SAN_MIGUEL,4,3.268191463606365,4.925492842792753,10882
informer,Informer2020,F1,SAN_MIGUEL,SAN_MIGUEL,5,3.648028454358172,5.231183314151259,10882
informer,Informer2020,F1,SAN_MIGUEL,SAN_MIGUEL,6,3.9029493160978577,5.453634523888125,10882
informer,Informer2020,F1,SAN_MIGUEL,SAN_MIGUEL,7,4.264980835820175,5.710387457141078,10882
informer,Informer2020,F1,SAN_MIGUEL,SAN_MIGUEL,8,4.280243565728046,5.7826222222278565,10882
informer,Informer2020,F1,SAN_MIGUEL,SAN_MIGUEL,9,4.288580791388216,5.829248646613881,10882
informer,Informer2020,F1,SAN_MIGUEL,SAN_MIGUEL,10,4.390293917801385,5.896878370668744,10882
informer,Informer2020,F1,SAN_MIGUEL,SAN_MIGUEL,11,4.481278733547659,5.955874537980267,10882
informer,Informer2020,F1,SAN_MIGUEL,SAN_MIGUEL,12,4.548601351939771,6.006608195868116,10882
informer,Informer2020,F1,SAN_MIGUEL,SAN_MIGUEL,13,5.044284462626478,6.39928378540227,10882
informer,Informer2020,F1,SAN_MIGUEL,SAN_MIGUEL,14,4.97737214152728,6.392821179267352,10882
informer,Informer2020,F1,SAN_MIGUEL,SAN_MIGUEL,15,5.045948756847095,6.444095935785798,10882
informer,Informer2020,F1,SAN_MIGUEL,SAN_MIGUEL,16,5.20841420081625,6.521421176304149,10882
informer,Informer2020,F1,SAN_MIGUEL,SAN_MIGUEL,17,5.394440086833886,6.654338167870841,10882
informer,Informer2020,F1,SAN_MIGUEL,SAN_MIGUEL,18,5.514134715676789,6.753771915912225,10882
informer,Informer2020,F1,SAN_MIGUEL,SAN_MIGUEL,19,5.263047506853414,6.580056470465347,10882
informer,Informer2020,F1,SAN_MIGUEL,SAN_MIGUEL,20,5.174752214619516,6.525498663893523,10882
informer,Informer2020,F1,SAN_MIGUEL,SAN_MIGUEL,21,5.114892926560808,6.479561167723249,10882
informer,Informer2020,F1,SAN_MIGUEL,SAN_MIGUEL,22,5.214274449032144,6.5252184874453825,10882
informer,Informer2020,F1,SAN_MIGUEL,SAN_MIGUEL,23,5.2749284665074025,6.5642468368043305,10882
informer,Informer2020,F1,SAN_MIGUEL,SAN_MIGUEL,24,5.232958169550687,6.5323037439021086,10882
informer,Informer2020,F1,ZIERBENA_Puerto,ZIERBENA_PUERTO,1,5.393951708512769,9.546322118949812,10744
informer,Informer2020,F1,ZIERBENA_Puerto,ZIERBENA_PUERTO,2,7.171143347788081,12.149759545672346,10744
informer,Informer2020,F1,ZIERBENA_Puerto,ZIERBENA_PUERTO,3,7.499500641630185,12.456170205444787,10744
informer,Informer2020,F1,ZIERBENA_Puerto,ZIERBENA_PUERTO,4,7.786430459991294,12.704855109201509,10744
informer,Informer2020,F1,ZIERBENA_Puerto,ZIERBENA_PUERTO,5,7.926602077839785,12.9391545051365,10744
informer,Informer2020,F1,ZIERBENA_Puerto,ZIERBENA_PUERTO,6,8.069607239487638,13.1093471971737,10744
informer,Informer2020,F1,ZIERBENA_Puerto,ZIERBENA_PUERTO,7,8.349915283715708,13.433732467823795,10744
informer,Informer2020,F1,ZIERBENA_Puerto,ZIERBENA_PUERTO,8,8.420472865761678,13.513606009429658,10744
informer,Informer2020,F1,ZIERBENA_Puerto,ZIERBENA_PUERTO,9,8.477004053955373,13.523491071899898,10744
informer,Informer2020,F1,ZIERBENA_Puerto,ZIERBENA_PUERTO,10,8.563945900096831,13.556751593534175,10744
informer,Informer2020,F1,ZIERBENA_Puerto,ZIERBENA_PUERTO,11,8.62596591025282,13.606456643294544,10744
informer,Informer2020,F1,ZIERBENA_Puerto,ZIERBENA_PUERTO,12,8.644610617948064,13.644738639207127,10744
informer,Informer2020,F1,ZIERBENA_Puerto,ZIERBENA_PUERTO,13,8.726632044078316,13.869957678731176,10744
informer,Informer2020,F1,ZIERBENA_Puerto,ZIERBENA_PUERTO,14,8.760985873181902,13.889454035363627,10744
informer,Informer2020,F1,ZIERBENA_Puerto,ZIERBENA_PUERTO,15,8.742086775495546,13.856119000386165,10744
informer,Informer2020,F1,ZIERBENA_Puerto,ZIERBENA_PUERTO,16,8.74920331000077,13.849232152365897,10744
informer,Informer2020,F1,ZIERBENA_Puerto,ZIERBENA_PUERTO,17,8.741782662116726,13.855749359961838,10744
informer,Informer2020,F1,ZIERBENA_Puerto,ZIERBENA_PUERTO,18,8.766124553582477,13.883782038144599,10744
informer,Informer2020,F1,ZIERBENA_Puerto,ZIERBENA_PUERTO,19,8.594353824609934,13.820324882703504,10744
informer,Informer2020,F1,ZIERBENA_Puerto,ZIERBENA_PUERTO,20,8.649242730881952,13.824223691228003,10744
informer,Informer2020,F1,ZIERBENA_Puerto,ZIERBENA_PUERTO,21,8.65108525608774,13.815431782568318,10744
informer,Informer2020,F1,ZIERBENA_Puerto,ZIERBENA_PUERTO,22,8.62517837405057,13.808266694726571,10744
informer,Informer2020,F1,ZIERBENA_Puerto,ZIERBENA_PUERTO,23,8.640426346312285,13.821588288516951,10744
informer,Informer2020,F1,ZIERBENA_Puerto,ZIERBENA_PUERTO,24,8.660500929863543,13.839028889822332,10744
gat_informer,GAT-Informer,F2,ABANTO,ABANTO,1,3.1652480798085083,5.223240071051528,9101
gat_informer,GAT-Informer,F2,ABANTO,ABANTO,2,3.535952108171389,5.755851532307948,9101
gat_informer,GAT-Informer,F2,ABANTO,ABANTO,3,3.8217842986635513,6.1556228203888725,9101
gat_informer,GAT-Informer,F2,ABANTO,ABANTO,4,4.042942011292335,6.470394169944358,9101
gat_informer,GAT-Informer,F2,ABANTO,ABANTO,5,4.213154683022408,6.7139015993064,9101
gat_informer,GAT-Informer,F2,ABANTO,ABANTO,6,4.348682918507553,6.896049492169557,9101
gat_informer,GAT-Informer,F2,ABANTO,ABANTO,7,4.463965671794969,7.060377730626485,9101
gat_informer,GAT-Informer,F2,ABANTO,ABANTO,8,4.56382331982011,7.19557805635865,9101
gat_informer,GAT-Informer,F2,ABANTO,ABANTO,9,4.666922077581609,7.328252312051576,9101
gat_informer,GAT-Informer,F2,ABANTO,ABANTO,10,4.758233503333642,7.472126846802031,9101
gat_informer,GAT-Informer,F2,ABANTO,ABANTO,11,4.831048167073347,7.547055236767961,9101
gat_informer,GAT-Informer,F2,ABANTO,ABANTO,12,4.889831440264367,7.6064078125066,9101
gat_informer,GAT-Informer,F2,ABANTO,ABANTO,13,4.943871706481436,7.666102835989786,9101
gat_informer,GAT-Informer,F2,ABANTO,ABANTO,14,4.987882773223362,7.715309930917261,9101
gat_informer,GAT-Informer,F2,ABANTO,ABANTO,15,5.034883471926042,7.762154976571213,9101
gat_informer,GAT-Informer,F2,ABANTO,ABANTO,16,5.0800676596644765,7.817112567494077,9101
gat_informer,GAT-Informer,F2,ABANTO,ABANTO,17,5.127929344210467,7.929217552484712,9101
gat_informer,GAT-Informer,F2,ABANTO,ABANTO,18,5.158945834660593,7.910649863430098,9101
gat_informer,GAT-Informer,F2,ABANTO,ABANTO,19,5.1886566301666335,7.949521072917805,9101
gat_informer,GAT-Informer,F2,ABANTO,ABANTO,20,5.228192066568495,7.989667343590581,9101
gat_informer,GAT-Informer,F2,ABANTO,ABANTO,21,5.263345821411541,8.027786993570885,9101
gat_informer,GAT-Informer,F2,ABANTO,ABANTO,22,5.288309102526567,8.06131700140748,9101
gat_informer,GAT-Informer,F2,ABANTO,ABANTO,23,5.308406296660662,8.081116612092556,9101
gat_informer,GAT-Informer,F2,ABANTO,ABANTO,24,5.321927735106151,8.09197734996677,9101
gat_informer,GAT-Informer,F2,ALGORTA (BBIZI2),ALGORTA_BBIZI2,1,7.176081487833029,10.898059194160778,9101
gat_informer,GAT-Informer,F2,ALGORTA (BBIZI2),ALGORTA_BBIZI2,2,7.547572022119595,11.42856731370722,9101
gat_informer,GAT-Informer,F2,ALGORTA (BBIZI2),ALGORTA_BBIZI2,3,7.814376617039195,11.783801046069541,9101
gat_informer,GAT-Informer,F2,ALGORTA (BBIZI2),ALGORTA_BBIZI2,4,8.013569948961983,12.073512675263004,9101
gat_informer,GAT-Informer,F2,ALGORTA (BBIZI2),ALGORTA_BBIZI2,5,8.175764588658149,12.31709099296597,9101
gat_informer,GAT-Informer,F2,ALGORTA (BBIZI2),ALGORTA_BBIZI2,6,8.317429172591238,12.524927183400454,9101
gat_informer,GAT-Informer,F2,ALGORTA (BBIZI2),ALGORTA_BBIZI2,7,8.435957919350455,12.7019616890541,9101
gat_informer,GAT-Informer,F2,ALGORTA (BBIZI2),ALGORTA_BBIZI2,8,8.541744480555662,12.862834953867397,9101
gat_informer,GAT-Informer,F2,ALGORTA (BBIZI2),ALGORTA_BBIZI2,9,8.640519047432374,12.960123104760008,9101
gat_informer,GAT-Informer,F2,ALGORTA (BBIZI2),ALGORTA_BBIZI2,10,8.729959871182675,13.06838836305963,9101
gat_informer,GAT-Informer,F2,ALGORTA (BBIZI2),ALGORTA_BBIZI2,11,8.827944948741914,13.177892615871153,9101
gat_informer,GAT-Informer,F2,ALGORTA (BBIZI2),ALGORTA_BBIZI2,12,8.915138816347277,13.292840127476277,9101
gat_informer,GAT-Informer,F2,ALGORTA (BBIZI2),ALGORTA_BBIZI2,13,8.978040300672118,13.381326597027474,9101
gat_informer,GAT-Informer,F2,ALGORTA (BBIZI2),ALGORTA_BBIZI2,14,9.023939573092214,13.408432009322848,9101
gat_informer,GAT-Informer,F2,ALGORTA (BBIZI2),ALGORTA_BBIZI2,15,9.054112497380867,13.459313195114584,9101
gat_informer,GAT-Informer,F2,ALGORTA (BBIZI2),ALGORTA_BBIZI2,16,9.078927479265714,13.512379876846492,9101
gat_informer,GAT-Informer,F2,ALGORTA (BBIZI2),ALGORTA_BBIZI2,17,9.095791895520902,13.555782135400483,9101
gat_informer,GAT-Informer,F2,ALGORTA (BBIZI2),ALGORTA_BBIZI2,18,9.134414826139011,13.627701718708574,9101
gat_informer,GAT-Informer,F2,ALGORTA (BBIZI2),ALGORTA_BBIZI2,19,9.165676123097395,13.679365170023255,9101
gat_informer,GAT-Informer,F2,ALGORTA (BBIZI2),ALGORTA_BBIZI2,20,9.20833037845017,13.738178056154936,9101
gat_informer,GAT-Informer,F2,ALGORTA (BBIZI2),ALGORTA_BBIZI2,21,9.25596983041204,13.797368280647092,9101
gat_informer,GAT-Informer,F2,ALGORTA (BBIZI2),ALGORTA_BBIZI2,22,9.297126431986328,13.840710124446417,9101
gat_informer,GAT-Informer,F2,ALGORTA (BBIZI2),ALGORTA_BBIZI2,23,9.321387386220186,13.875670289310648,9101
gat_informer,GAT-Informer,F2,ALGORTA (BBIZI2),ALGORTA_BBIZI2,24,9.338279413267701,13.902727849059536,9101
gat_informer,GAT-Informer,F2,ALONSOTEGI,ALONSOTEGI,1,4.590870222920193,6.6437642029776365,9101
gat_informer,GAT-Informer,F2,ALONSOTEGI,ALONSOTEGI,2,4.682691635047194,6.887478177766575,9101
gat_informer,GAT-Informer,F2,ALONSOTEGI,ALONSOTEGI,3,4.843092458557393,7.201781351769149,9101
gat_informer,GAT-Informer,F2,ALONSOTEGI,ALONSOTEGI,4,5.042560101752294,7.566784978306145,9101
gat_informer,GAT-Informer,F2,ALONSOTEGI,ALONSOTEGI,5,5.230067104184684,7.9255014886502435,9101
gat_informer,GAT-Informer,F2,ALONSOTEGI,ALONSOTEGI,6,5.403171033259866,8.246577215747013,9101
gat_informer,GAT-Informer,F2,ALONSOTEGI,ALONSOTEGI,7,5.543685000783178,8.509882516475308,9101
gat_informer,GAT-Informer,F2,ALONSOTEGI,ALONSOTEGI,8,5.666118174339438,8.729251868057686,9101
gat_informer,GAT-Informer,F2,ALONSOTEGI,ALONSOTEGI,9,5.781821376253269,8.918521729729463,9101
gat_informer,GAT-Informer,F2,ALONSOTEGI,ALONSOTEGI,10,5.876324297499033,9.08309657399763,9101
gat_informer,GAT-Informer,F2,ALONSOTEGI,ALONSOTEGI,11,5.954300951746817,9.212551660242685,9101
gat_informer,GAT-Informer,F2,ALONSOTEGI,ALONSOTEGI,12,6.025079330260996,9.325683574463614,9101
gat_informer,GAT-Informer,F2,ALONSOTEGI,ALONSOTEGI,13,6.0773957771763945,9.409845031616316,9101
gat_informer,GAT-Informer,F2,ALONSOTEGI,ALONSOTEGI,14,6.131926205480358,9.475456338023442,9101
gat_informer,GAT-Informer,F2,ALONSOTEGI,ALONSOTEGI,15,6.162506564613319,9.518449213653188,9101
gat_informer,GAT-Informer,F2,ALONSOTEGI,ALONSOTEGI,16,6.187618514045838,9.55504395468434,9101
gat_informer,GAT-Informer,F2,ALONSOTEGI,ALONSOTEGI,17,6.216982224036601,9.597466411011009,9101
gat_informer,GAT-Informer,F2,ALONSOTEGI,ALONSOTEGI,18,6.255176557397635,9.644230063395216,9101
gat_informer,GAT-Informer,F2,ALONSOTEGI,ALONSOTEGI,19,6.284440814215866,9.687583591852492,9101
gat_informer,GAT-Informer,F2,ALONSOTEGI,ALONSOTEGI,20,6.314003686540246,9.740217242648344,9101
gat_informer,GAT-Informer,F2,ALONSOTEGI,ALONSOTEGI,21,6.339018179950426,9.798083416834594,9101
gat_informer,GAT-Informer,F2,ALONSOTEGI,ALONSOTEGI,22,6.370836419228466,9.847470398057807,9101
gat_informer,GAT-Informer,F2,ALONSOTEGI,ALONSOTEGI,23,6.378933901756219,9.867057982181958,9101
gat_informer,GAT-Informer,F2,ALONSOTEGI,ALONSOTEGI,24,6.353697893003352,9.853226323052926,9101
gat_informer,GAT-Informer,F2,ARRAIZ (Monte),ARRAIZ_MONTE,1,3.0273972146387838,4.894692368362016,9101
gat_informer,GAT-Informer,F2,ARRAIZ (Monte),ARRAIZ_MONTE,2,3.2574786922441397,5.331461279060958,9101
gat_informer,GAT-Informer,F2,ARRAIZ (Monte),ARRAIZ_MONTE,3,3.568783913028689,5.824784498167455,9101
gat_informer,GAT-Informer,F2,ARRAIZ (Monte),ARRAIZ_MONTE,4,3.88155701808791,6.317261710491899,9101
gat_informer,GAT-Informer,F2,ARRAIZ (Monte),ARRAIZ_MONTE,5,4.181734007750795,6.773120953349426,9101
gat_informer,GAT-Informer,F2,ARRAIZ (Monte),ARRAIZ_MONTE,6,4.436476795995233,7.154406167518131,9101
gat_informer,GAT-Informer,F2,ARRAIZ (Monte),ARRAIZ_MONTE,7,4.643075607352352,7.459241216603726,9101
gat_informer,GAT-Informer,F2,ARRAIZ (Monte),ARRAIZ_MONTE,8,4.827381644598033,7.715460896794575,9101
gat_informer,GAT-Informer,F2,ARRAIZ (Monte),ARRAIZ_MONTE,9,4.997017742082749,7.945369173107699,9101
gat_informer,GAT-Informer,F2,ARRAIZ (Monte),ARRAIZ_MONTE,10,5.146475148279293,8.144057554430812,9101
gat_informer,GAT-Informer,F2,ARRAIZ (Monte),ARRAIZ_MONTE,11,5.282527328823209,8.321912904329464,9101
gat_informer,GAT-Informer,F2,ARRAIZ (Monte),ARRAIZ_MONTE,12,5.397983349207246,8.469569567070955,9101
gat_informer,GAT-Informer,F2,ARRAIZ (Monte),ARRAIZ_MONTE,13,5.507357415821814,8.598618819900091,9101
gat_informer,GAT-Informer,F2,ARRAIZ (Monte),ARRAIZ_MONTE,14,5.61029853992922,8.712265164134966,9101
gat_informer,GAT-Informer,F2,ARRAIZ (Monte),ARRAIZ_MONTE,15,5.696952785166452,8.815811573637985,9101
gat_informer,GAT-Informer,F2,ARRAIZ (Monte),ARRAIZ_MONTE,16,5.7711634002369605,8.904544725437816,9101
gat_informer,GAT-Informer,F2,ARRAIZ (Monte),ARRAIZ_MONTE,17,5.839950935269475,8.989214584886007,9101
gat_informer,GAT-Informer,F2,ARRAIZ (Monte),ARRAIZ_MONTE,18,5.90439449659074,9.069658625341582,9101
gat_informer,GAT-Informer,F2,ARRAIZ (Monte),ARRAIZ_MONTE,19,5.962099700035283,9.143229627449328,9101
gat_informer,GAT-Informer,F2,ARRAIZ (Monte),ARRAIZ_MONTE,20,6.022292499190202,9.224326075863233,9101
gat_informer,GAT-Informer,F2,ARRAIZ (Monte),ARRAIZ_MONTE,21,6.081937134150418,9.308574102370821,9101
gat_informer,GAT-Informer,F2,ARRAIZ (Monte),ARRAIZ_MONTE,22,6.131423266863442,9.384902380859225,9101
gat_informer,GAT-Informer,F2,ARRAIZ (Monte),ARRAIZ_MONTE,23,6.160441682617913,9.440929507032115,9101
gat_informer,GAT-Informer,F2,ARRAIZ (Monte),ARRAIZ_MONTE,24,6.169583746502083,9.46505135307502,9101
gat_informer,GAT-Informer,F2,BARAKALDO,BARAKALDO,1,4.449260643528264,7.020408663073603,9101
gat_informer,GAT-Informer,F2,BARAKALDO,BARAKALDO,2,4.8903330820769435,7.72125641344896,9101
gat_informer,GAT-Informer,F2,BARAKALDO,BARAKALDO,3,5.251223827466833,8.288217803423635,9101
gat_informer,GAT-Informer,F2,BARAKALDO,BARAKALDO,4,5.556862167042869,8.752799205247044,9101
gat_informer,GAT-Informer,F2,BARAKALDO,BARAKALDO,5,5.800895572289771,9.137816627459147,9101
gat_informer,GAT-Informer,F2,BARAKALDO,BARAKALDO,6,5.994303565204382,9.440887479731527,9101
gat_informer,GAT-Informer,F2,BARAKALDO,BARAKALDO,7,6.179106460617344,9.711903803761583,9101
gat_informer,GAT-Informer,F2,BARAKALDO,BARAKALDO,8,6.3455585394426475,9.955336328854525,9101
gat_informer,GAT-Informer,F2,BARAKALDO,BARAKALDO,9,6.4960423392025355,10.146007451775324,9101
gat_informer,GAT-Informer,F2,BARAKALDO,BARAKALDO,10,6.610530135686366,10.30665715049346,9101
gat_informer,GAT-Informer,F2,BARAKALDO,BARAKALDO,11,6.708671253872102,10.437852561227267,9101
gat_informer,GAT-Informer,F2,BARAKALDO,BARAKALDO,12,6.807257309940929,10.562257946030757,9101
gat_informer,GAT-Informer,F2,BARAKALDO,BARAKALDO,13,6.89026911131675,10.654784744085458,9101
gat_informer,GAT-Informer,F2,BARAKALDO,BARAKALDO,14,6.966912022947545,10.756797629421627,9101
gat_informer,GAT-Informer,F2,BARAKALDO,BARAKALDO,15,7.0359714789982215,10.843168109109564,9101
gat_informer,GAT-Informer,F2,BARAKALDO,BARAKALDO,16,7.095714604116135,10.927824928890562,9101
gat_informer,GAT-Informer,F2,BARAKALDO,BARAKALDO,17,7.163543093446685,11.01851025343134,9101
gat_informer,GAT-Informer,F2,BARAKALDO,BARAKALDO,18,7.2234899426364265,11.10893003424399,9101
gat_informer,GAT-Informer,F2,BARAKALDO,BARAKALDO,19,7.282608063668997,11.182724132155942,9101
gat_informer,GAT-Informer,F2,BARAKALDO,BARAKALDO,20,7.332276752268094,11.252428901756184,9101
gat_informer,GAT-Informer,F2,BARAKALDO,BARAKALDO,21,7.380782002296361,11.317477266053872,9101
gat_informer,GAT-Informer,F2,BARAKALDO,BARAKALDO,22,7.416836611673399,11.372029238835616,9101
gat_informer,GAT-Informer,F2,BARAKALDO,BARAKALDO,23,7.4551138695345776,11.430437373679007,9101
gat_informer,GAT-Informer,F2,BARAKALDO,BARAKALDO,24,7.478968953647345,11.455404944538328,9101
gat_informer,GAT-Informer,F2,BASAURI,BASAURI,1,4.741000231016915,8.21897893591187,9101
gat_informer,GAT-Informer,F2,BASAURI,BASAURI,2,5.263356536364846,8.971704665991307,9101
gat_informer,GAT-Informer,F2,BASAURI,BASAURI,3,5.6758250026319885,9.542578531162455,9101
gat_informer,GAT-Informer,F2,BASAURI,BASAURI,4,6.0179285638320055,10.032201464612154,9101
gat_informer,GAT-Informer,F2,BASAURI,BASAURI,5,6.297874825771739,10.407782410362294,9101
gat_informer,GAT-Informer,F2,BASAURI,BASAURI,6,6.526264806695462,10.704408199569158,9101
gat_informer,GAT-Informer,F2,BASAURI,BASAURI,7,6.705568607856043,10.958707418913253,9101
gat_informer,GAT-Informer,F2,BASAURI,BASAURI,8,6.855563665998989,11.169108713990859,9101
gat_informer,GAT-Informer,F2,BASAURI,BASAURI,9,6.98887947066487,11.335359547614225,9101
gat_informer,GAT-Informer,F2,BASAURI,BASAURI,10,7.081724727504818,11.471123985580201,9101
gat_informer,GAT-Informer,F2,BASAURI,BASAURI,11,7.159843437102663,11.583899415004261,9101
gat_informer,GAT-Informer,F2,BASAURI,BASAURI,12,7.245522097078945,11.680938388813791,9101
gat_informer,GAT-Informer,F2,BASAURI,BASAURI,13,7.299575914591043,11.750572462710615,9101
gat_informer,GAT-Informer,F2,BASAURI,BASAURI,14,7.363745961781583,11.821020312603522,9101
gat_informer,GAT-Informer,F2,BASAURI,BASAURI,15,7.417553799124343,11.887654916510172,9101
gat_informer,GAT-Informer,F2,BASAURI,BASAURI,16,7.465505340782814,11.955494812881184,9101
gat_informer,GAT-Informer,F2,BASAURI,BASAURI,17,7.524333227258398,12.033622713044346,9101
gat_informer,GAT-Informer,F2,BASAURI,BASAURI,18,7.579497716496533,12.09554837862384,9101
gat_informer,GAT-Informer,F2,BASAURI,BASAURI,19,7.616581094722121,12.132042540738702,9101
gat_informer,GAT-Informer,F2,BASAURI,BASAURI,20,7.662989291021187,12.187942021260675,9101
gat_informer,GAT-Informer,F2,BASAURI,BASAURI,21,7.693276996757156,12.22426694088187,9101
gat_informer,GAT-Informer,F2,BASAURI,BASAURI,22,7.731608661625781,12.249720173795959,9101
gat_informer,GAT-Informer,F2,BASAURI,BASAURI,23,7.760794227397804,12.284420230276236,9101
gat_informer,GAT-Informer,F2,BASAURI,BASAURI,24,7.784485328899558,12.3089791504897,9101
gat_informer,GAT-Informer,F2,CASTREJANA,CASTREJANA,1,6.487912931752433,9.481660497635346,9101
gat_informer,GAT-Informer,F2,CASTREJANA,CASTREJANA,2,6.5227322501591205,9.499535274215704,9101
gat_informer,GAT-Informer,F2,CASTREJANA,CASTREJANA,3,6.605894743679068,9.562431432369037,9101
gat_informer,GAT-Informer,F2,CASTREJANA,CASTREJANA,4,6.731232504000272,9.688413783595392,9101
gat_informer,GAT-Informer,F2,CASTREJANA,CASTREJANA,5,6.865454767879687,9.872172099621398,9101
gat_informer,GAT-Informer,F2,CASTREJANA,CASTREJANA,6,6.995865409997529,10.06889408556304,9101
gat_informer,GAT-Informer,F2,CASTREJANA,CASTREJANA,7,7.104862241538825,10.25423136712387,9101
gat_informer,GAT-Informer,F2,CASTREJANA,CASTREJANA,8,7.179573399611468,10.397324724900384,9101
gat_informer,GAT-Informer,F2,CASTREJANA,CASTREJANA,9,7.231993961507456,10.500288943911537,9101
gat_informer,GAT-Informer,F2,CASTREJANA,CASTREJANA,10,7.270874602934015,10.564914189480048,9101
gat_informer,GAT-Informer,F2,CASTREJANA,CASTREJANA,11,7.3069527235765035,10.61943607358042,9101
gat_informer,GAT-Informer,F2,CASTREJANA,CASTREJANA,12,7.350827920994854,10.68832059181536,9101
gat_informer,GAT-Informer,F2,CASTREJANA,CASTREJANA,13,7.397305755279716,10.75620715445231,9101
gat_informer,GAT-Informer,F2,CASTREJANA,CASTREJANA,14,7.446500573025249,10.821141251048005,9101
gat_informer,GAT-Informer,F2,CASTREJANA,CASTREJANA,15,7.466434995036455,10.862169966142538,9101
gat_informer,GAT-Informer,F2,CASTREJANA,CASTREJANA,16,7.498849651198795,10.905125509547567,9101
gat_informer,GAT-Informer,F2,CASTREJANA,CASTREJANA,17,7.516177528288427,10.95600553958298,9101
gat_informer,GAT-Informer,F2,CASTREJANA,CASTREJANA,18,7.566796192807453,11.025325223836665,9101
gat_informer,GAT-Informer,F2,CASTREJANA,CASTREJANA,19,7.6471591839985775,11.119834120305804,9101
gat_informer,GAT-Informer,F2,CASTREJANA,CASTREJANA,20,7.729177009671641,11.228346517857,9101
gat_informer,GAT-Informer,F2,CASTREJANA,CASTREJANA,21,7.782509362439889,11.315911242936181,9101
gat_informer,GAT-Informer,F2,CASTREJANA,CASTREJANA,22,7.8341389266953545,11.388460244159505,9101
gat_informer,GAT-Informer,F2,CASTREJANA,CASTREJANA,23,7.850041647073188,11.415457455463441,9101
gat_informer,GAT-Informer,F2,CASTREJANA,CASTREJANA,24,7.8328972196820645,11.377576045305815,9101
gat_informer,GAT-Informer,F2,ERANDIO,ERANDIO,1,4.354979353407663,7.174959140651691,9101
gat_informer,GAT-Informer,F2,ERANDIO,ERANDIO,2,4.8702968265273885,7.926828833837175,9101
gat_informer,GAT-Informer,F2,ERANDIO,ERANDIO,3,5.243334783640043,8.460776493061724,9101
gat_informer,GAT-Informer,F2,ERANDIO,ERANDIO,4,5.54998583872755,8.871844663263591,9101
gat_informer,GAT-Informer,F2,ERANDIO,ERANDIO,5,5.789636983784748,9.188618307884802,9101
gat_informer,GAT-Informer,F2,ERANDIO,ERANDIO,6,5.991358262629918,9.452059123303288,9101
gat_informer,GAT-Informer,F2,ERANDIO,ERANDIO,7,6.166419011631479,9.684361670578873,9101
gat_informer,GAT-Informer,F2,ERANDIO,ERANDIO,8,6.319559623573969,9.881332353997504,9101
gat_informer,GAT-Informer,F2,ERANDIO,ERANDIO,9,6.440088359625336,10.04134500927471,9101
gat_informer,GAT-Informer,F2,ERANDIO,ERANDIO,10,6.519357078194081,10.1593903530694,9101
gat_informer,GAT-Informer,F2,ERANDIO,ERANDIO,11,6.590601384973751,10.254030025936972,9101
gat_informer,GAT-Informer,F2,ERANDIO,ERANDIO,12,6.659370683330898,10.33827812317679,9101
gat_informer,GAT-Informer,F2,ERANDIO,ERANDIO,13,6.706772102803768,10.399071088665172,9101
gat_informer,GAT-Informer,F2,ERANDIO,ERANDIO,14,6.76346361239904,10.465547474696796,9101
gat_informer,GAT-Informer,F2,ERANDIO,ERANDIO,15,6.830357824475041,10.542724028426358,9101
gat_informer,GAT-Informer,F2,ERANDIO,ERANDIO,16,6.898139361155818,10.615783374447297,9101
gat_informer,GAT-Informer,F2,ERANDIO,ERANDIO,17,6.956374348775199,10.693763922178086,9101
gat_informer,GAT-Informer,F2,ERANDIO,ERANDIO,18,7.0103302303840405,10.76340113778381,9101
gat_informer,GAT-Informer,F2,ERANDIO,ERANDIO,19,7.053712479803749,10.819489740469413,9101
gat_informer,GAT-Informer,F2,ERANDIO,ERANDIO,20,7.088827666729024,10.863489324527492,9101
gat_informer,GAT-Informer,F2,ERANDIO,ERANDIO,21,7.135405923809773,10.905326735231798,9101
gat_informer,GAT-Informer,F2,ERANDIO,ERANDIO,22,7.173548764860796,10.943668289851722,9101
gat_informer,GAT-Informer,F2,ERANDIO,ERANDIO,23,7.214970786811729,10.995840277933727,9101
gat_informer,GAT-Informer,F2,ERANDIO,ERANDIO,24,7.247554397267989,11.032821047347207,9101
gat_informer,GAT-Informer,F2,EUROPA,EUROPA,1,3.690583733746199,6.142313171015677,9101
gat_informer,GAT-Informer,F2,EUROPA,EUROPA,2,4.2338112694570595,6.98111901649333,9101
gat_informer,GAT-Informer,F2,EUROPA,EUROPA,3,4.649141399644388,7.608340348982153,9101
gat_informer,GAT-Informer,F2,EUROPA,EUROPA,4,4.985619834223601,8.110732452272426,9101
gat_informer,GAT-Informer,F2,EUROPA,EUROPA,5,5.26606368092492,8.503691449440185,9101
gat_informer,GAT-Informer,F2,EUROPA,EUROPA,6,5.487973275384121,8.815530622588037,9101
gat_informer,GAT-Informer,F2,EUROPA,EUROPA,7,5.673619859217746,9.075576986293939,9101
gat_informer,GAT-Informer,F2,EUROPA,EUROPA,8,5.840590269991152,9.292455377290352,9101
gat_informer,GAT-Informer,F2,EUROPA,EUROPA,9,5.976683837943595,9.471716316272943,9101
gat_informer,GAT-Informer,F2,EUROPA,EUROPA,10,6.079025408760844,9.606274281001097,9101
gat_informer,GAT-Informer,F2,EUROPA,EUROPA,11,6.166861348428014,9.722898826218625,9101
gat_informer,GAT-Informer,F2,EUROPA,EUROPA,12,6.247622592064617,9.81996692103384,9101
gat_informer,GAT-Informer,F2,EUROPA,EUROPA,13,6.3106258315000545,9.884311164100327,9101
gat_informer,GAT-Informer,F2,EUROPA,EUROPA,14,6.373639566140468,9.95250058324276,9101
gat_informer,GAT-Informer,F2,EUROPA,EUROPA,15,6.423554149640418,10.023570101836082,9101
gat_informer,GAT-Informer,F2,EUROPA,EUROPA,16,6.471250114821036,10.103303063987735,9101
gat_informer,GAT-Informer,F2,EUROPA,EUROPA,17,6.516100372649617,10.176695172588719,9101
gat_informer,GAT-Informer,F2,EUROPA,EUROPA,18,6.568087965633146,10.252141522091893,9101
gat_informer,GAT-Informer,F2,EUROPA,EUROPA,19,6.611525791868405,10.303109857986414,9101
gat_informer,GAT-Informer,F2,EUROPA,EUROPA,20,6.669892940504474,10.37147034826602,9101
gat_informer,GAT-Informer,F2,EUROPA,EUROPA,21,6.710814859910059,10.421377094217299,9101
gat_informer,GAT-Informer,F2,EUROPA,EUROPA,22,6.740614611956329,10.466538373881487,9101
gat_informer,GAT-Informer,F2,EUROPA,EUROPA,23,6.765976575092619,10.495672625655873,9101
gat_informer,GAT-Informer,F2,EUROPA,EUROPA,24,6.786013560771366,10.516003834977106,9101
gat_informer,GAT-Informer,F2,LAS CARRERAS,LAS_CARRERAS,1,3.89837478677423,6.240996378679844,9101
gat_informer,GAT-Informer,F2,LAS CARRERAS,LAS_CARRERAS,2,4.338968195419837,6.868669230986878,9101
gat_informer,GAT-Informer,F2,LAS CARRERAS,LAS_CARRERAS,3,4.687060899563431,7.373389485243897,9101
gat_informer,GAT-Informer,F2,LAS CARRERAS,LAS_CARRERAS,4,4.984926786819352,7.757552211127915,9101
gat_informer,GAT-Informer,F2,LAS CARRERAS,LAS_CARRERAS,5,5.230921212100364,8.079053999270988,9101
gat_informer,GAT-Informer,F2,LAS CARRERAS,LAS_CARRERAS,6,5.425545937637617,8.334454342467708,9101
gat_informer,GAT-Informer,F2,LAS CARRERAS,LAS_CARRERAS,7,5.592917329645356,8.557314848622584,9101
gat_informer,GAT-Informer,F2,LAS CARRERAS,LAS_CARRERAS,8,5.724293023930737,8.737192998558745,9101
gat_informer,GAT-Informer,F2,LAS CARRERAS,LAS_CARRERAS,9,5.864411974189674,8.924497921299048,9101
gat_informer,GAT-Informer,F2,LAS CARRERAS,LAS_CARRERAS,10,5.978194846797548,9.0673665451574,9101
gat_informer,GAT-Informer,F2,LAS CARRERAS,LAS_CARRERAS,11,6.087864892189483,9.203601846294141,9101
gat_informer,GAT-Informer,F2,LAS CARRERAS,LAS_CARRERAS,12,6.184593357072926,9.323393766029572,9101
gat_informer,GAT-Informer,F2,LAS CARRERAS,LAS_CARRERAS,13,6.277745518415475,9.437253278594586,9101
gat_informer,GAT-Informer,F2,LAS CARRERAS,LAS_CARRERAS,14,6.362835885564543,9.52868124753509,9101
gat_informer,GAT-Informer,F2,LAS CARRERAS,LAS_CARRERAS,15,6.43110522956275,9.604880068594971,9101
gat_informer,GAT-Informer,F2,LAS CARRERAS,LAS_CARRERAS,16,6.494162243190748,9.677270915713303,9101
gat_informer,GAT-Informer,F2,LAS CARRERAS,LAS_CARRERAS,17,6.547055222613905,9.736207749559723,9101
gat_informer,GAT-Informer,F2,LAS CARRERAS,LAS_CARRERAS,18,6.599172098356844,9.79315854706806,9101
gat_informer,GAT-Informer,F2,LAS CARRERAS,LAS_CARRERAS,19,6.635361173125809,9.840556595227293,9101
gat_informer,GAT-Informer,F2,LAS CARRERAS,LAS_CARRERAS,20,6.662020150848358,9.886174267409752,9101
gat_informer,GAT-Informer,F2,LAS CARRERAS,LAS_CARRERAS,21,6.697942662404116,9.928329478224718,9101
gat_informer,GAT-Informer,F2,LAS CARRERAS,LAS_CARRERAS,22,6.737700614267333,9.983504522135908,9101
gat_informer,GAT-Informer,F2,LAS CARRERAS,LAS_CARRERAS,23,6.763946493383738,10.014352363392462,9101
gat_informer,GAT-Informer,F2,LAS CARRERAS,LAS_CARRERAS,24,6.769137982578281,10.011267099694338,9101
gat_informer,GAT-Informer,F2,MAZARREDO,MAZARREDO,1,3.2381018729357125,5.6992489046662085,9101
gat_informer,GAT-Informer,F2,MAZARREDO,MAZARREDO,2,3.7378445559053053,6.435722953036669,9101
gat_informer,GAT-Informer,F2,MAZARREDO,MAZARREDO,3,4.117639765587105,6.967487922867744,9101
gat_informer,GAT-Informer,F2,MAZARREDO,MAZARREDO,4,4.427075163062071,7.390037943590505,9101
gat_informer,GAT-Informer,F2,MAZARREDO,MAZARREDO,5,4.678912178153468,7.71521202485805,9101
gat_informer,GAT-Informer,F2,MAZARREDO,MAZARREDO,6,4.88520824445524,7.976922441257737,9101
gat_informer,GAT-Informer,F2,MAZARREDO,MAZARREDO,7,5.046206111066906,8.189026752758734,9101
gat_informer,GAT-Informer,F2,MAZARREDO,MAZARREDO,8,5.190647078246785,8.376547993917578,9101
gat_informer,GAT-Informer,F2,MAZARREDO,MAZARREDO,9,5.319807506766166,8.546843746010708,9101
gat_informer,GAT-Informer,F2,MAZARREDO,MAZARREDO,10,5.409239899942199,8.669962630512316,9101
gat_informer,GAT-Informer,F2,MAZARREDO,MAZARREDO,11,5.4837483745291395,8.766420583707697,9101
gat_informer,GAT-Informer,F2,MAZARREDO,MAZARREDO,12,5.552574151869646,8.845460073147281,9101
gat_informer,GAT-Informer,F2,MAZARREDO,MAZARREDO,13,5.6158378526786175,8.90829049562898,9101
gat_informer,GAT-Informer,F2,MAZARREDO,MAZARREDO,14,5.672337817213795,8.95567543862824,9101
gat_informer,GAT-Informer,F2,MAZARREDO,MAZARREDO,15,5.733947789583242,9.026476747131275,9101
gat_informer,GAT-Informer,F2,MAZARREDO,MAZARREDO,16,5.779880921033932,9.090402544217142,9101
gat_informer,GAT-Informer,F2,MAZARREDO,MAZARREDO,17,5.826923139330293,9.156480843839097,9101
gat_informer,GAT-Informer,F2,MAZARREDO,MAZARREDO,18,5.875378530040677,9.223557973987958,9101
gat_informer,GAT-Informer,F2,MAZARREDO,MAZARREDO,19,5.90997635949812,9.272623072618359,9101
gat_informer,GAT-Informer,F2,MAZARREDO,MAZARREDO,20,5.959529118830785,9.331394493704838,9101
gat_informer,GAT-Informer,F2,MAZARREDO,MAZARREDO,21,6.000610090909246,9.384732097699132,9101
gat_informer,GAT-Informer,F2,MAZARREDO,MAZARREDO,22,6.030556773716324,9.42789867936924,9101
gat_informer,GAT-Informer,F2,MAZARREDO,MAZARREDO,23,6.054982156055915,9.455800860622144,9101
gat_informer,GAT-Informer,F2,MAZARREDO,MAZARREDO,24,6.0720747846579135,9.4663765521217,9101
gat_informer,GAT-Informer,F2,MUSKIZ,MUSKIZ,1,2.791739154870255,5.471769954816929,9101
gat_informer,GAT-Informer,F2,MUSKIZ,MUSKIZ,2,3.1418404490715095,6.099705064449713,9101
gat_informer,GAT-Informer,F2,MUSKIZ,MUSKIZ,3,3.4035613429230684,6.570397556648682,9101
gat_informer,GAT-Informer,F2,MUSKIZ,MUSKIZ,4,3.621471200584907,6.946793786563427,9101
gat_informer,GAT-Informer,F2,MUSKIZ,MUSKIZ,5,3.8028449375588034,7.253295068579208,9101
gat_informer,GAT-Informer,F2,MUSKIZ,MUSKIZ,6,3.9617119881494034,7.507855567435451,9101
gat_informer,GAT-Informer,F2,MUSKIZ,MUSKIZ,7,4.097610813305936,7.714943556230536,9101
gat_informer,GAT-Informer,F2,MUSKIZ,MUSKIZ,8,4.225190989821314,7.88642620594356,9101
gat_informer,GAT-Informer,F2,MUSKIZ,MUSKIZ,9,4.33751313106894,8.033749988552273,9101
gat_informer,GAT-Informer,F2,MUSKIZ,MUSKIZ,10,4.43299725794187,8.153608927337533,9101
gat_informer,GAT-Informer,F2,MUSKIZ,MUSKIZ,11,4.513713337028306,8.257389950248216,9101
gat_informer,GAT-Informer,F2,MUSKIZ,MUSKIZ,12,4.589935674154946,8.347635405343716,9101
gat_informer,GAT-Informer,F2,MUSKIZ,MUSKIZ,13,4.661956456150016,8.425967999584124,9101
gat_informer,GAT-Informer,F2,MUSKIZ,MUSKIZ,14,4.722199209089292,8.49328002478393,9101
gat_informer,GAT-Informer,F2,MUSKIZ,MUSKIZ,15,4.777933052196278,8.553633053169069,9101
gat_informer,GAT-Informer,F2,MUSKIZ,MUSKIZ,16,4.823749003011097,8.609296094060168,9101
gat_informer,GAT-Informer,F2,MUSKIZ,MUSKIZ,17,4.86356899649504,8.659797015827682,9101
gat_informer,GAT-Informer,F2,MUSKIZ,MUSKIZ,18,4.903318231269012,8.704847634870644,9101
gat_informer,GAT-Informer,F2,MUSKIZ,MUSKIZ,19,4.937430844059646,8.748977962800922,9101
gat_informer,GAT-Informer,F2,MUSKIZ,MUSKIZ,20,4.971628976724866,8.79382713109333,9101
gat_informer,GAT-Informer,F2,MUSKIZ,MUSKIZ,21,5.0010715080426165,8.836394673536065,9101
gat_informer,GAT-Informer,F2,MUSKIZ,MUSKIZ,22,5.030164003241207,8.875962624601227,9101
gat_informer,GAT-Informer,F2,MUSKIZ,MUSKIZ,23,5.059378939622733,8.910010260959885,9101
gat_informer,GAT-Informer,F2,MUSKIZ,MUSKIZ,24,5.077148207385859,8.928625802969806,9101
gat_informer,GAT-Informer,F2,Mª DIAZ HARO,M_DIAZ_HARO,1,3.4031600862636684,5.825426815220948,9101
gat_informer,GAT-Informer,F2,Mª DIAZ HARO,M_DIAZ_HARO,2,3.9226188370764565,6.60429460321935,9101
gat_informer,GAT-Informer,F2,Mª DIAZ HARO,M_DIAZ_HARO,3,4.311338968580731,7.171222753296442,9101
gat_informer,GAT-Informer,F2,Mª DIAZ HARO,M_DIAZ_HARO,4,4.624349825049007,7.61776147184076,9101
gat_informer,GAT-Informer,F2,Mª DIAZ HARO,M_DIAZ_HARO,5,4.89197234683817,7.97615329129627,9101
gat_informer,GAT-Informer,F2,Mª DIAZ HARO,M_DIAZ_HARO,6,5.116711142599916,8.276120680955211,9101
gat_informer,GAT-Informer,F2,Mª DIAZ HARO,M_DIAZ_HARO,7,5.294167461873096,8.53071420358181,9101
gat_informer,GAT-Informer,F2,Mª DIAZ HARO,M_DIAZ_HARO,8,5.4641210703375105,8.747741369553918,9101
gat_informer,GAT-Informer,F2,Mª DIAZ HARO,M_DIAZ_HARO,9,5.612681084642723,8.943677496178285,9101
gat_informer,GAT-Informer,F2,Mª DIAZ HARO,M_DIAZ_HARO,10,5.726055419035055,9.084145291035314,9101
gat_informer,GAT-Informer,F2,Mª DIAZ HARO,M_DIAZ_HARO,11,5.81916870870193,9.184743461334472,9101
gat_informer,GAT-Informer,F2,Mª DIAZ HARO,M_DIAZ_HARO,12,5.908740273688785,9.277226396508409,9101
gat_informer,GAT-Informer,F2,Mª DIAZ HARO,M_DIAZ_HARO,13,5.983327929914135,9.352833191865045,9101
gat_informer,GAT-Informer,F2,Mª DIAZ HARO,M_DIAZ_HARO,14,6.061669394218349,9.428770025448022,9101
gat_informer,GAT-Informer,F2,Mª DIAZ HARO,M_DIAZ_HARO,15,6.125033033233385,9.50038933820061,9101
gat_informer,GAT-Informer,F2,Mª DIAZ HARO,M_DIAZ_HARO,16,6.177883736158043,9.57733439174287,9101
gat_informer,GAT-Informer,F2,Mª DIAZ HARO,M_DIAZ_HARO,17,6.235516114190913,9.659001377071512,9101
gat_informer,GAT-Informer,F2,Mª DIAZ HARO,M_DIAZ_HARO,18,6.292925700920255,9.73372220312604,9101
gat_informer,GAT-Informer,F2,Mª DIAZ HARO,M_DIAZ_HARO,19,6.339567684849571,9.783410177791657,9101
gat_informer,GAT-Informer,F2,Mª DIAZ HARO,M_DIAZ_HARO,20,6.394176448901765,9.85217157179008,9101
gat_informer,GAT-Informer,F2,Mª DIAZ HARO,M_DIAZ_HARO,21,6.439778376314591,9.915269259114238,9101
gat_informer,GAT-Informer,F2,Mª DIAZ HARO,M_DIAZ_HARO,22,6.473849672037826,9.965767051087575,9101
gat_informer,GAT-Informer,F2,Mª DIAZ HARO,M_DIAZ_HARO,23,6.492435130335815,9.989415045575111,9101
gat_informer,GAT-Informer,F2,Mª DIAZ HARO,M_DIAZ_HARO,24,6.509321154585095,9.99368008906257,9101
gat_informer,GAT-Informer,F2,SAN JULIAN,SAN_JULIAN,1,4.82574143823379,7.288600280499418,9101
gat_informer,GAT-Informer,F2,SAN JULIAN,SAN_JULIAN,2,5.154895535819728,7.871642187747516,9101
gat_informer,GAT-Informer,F2,SAN JULIAN,SAN_JULIAN,3,5.397837767311799,8.332777186331176,9101
gat_informer,GAT-Informer,F2,SAN JULIAN,SAN_JULIAN,4,5.635610155450972,8.72074559608392,9101
gat_informer,GAT-Informer,F2,SAN JULIAN,SAN_JULIAN,5,5.852905699387054,9.046566830451974,9101
gat_informer,GAT-Informer,F2,SAN JULIAN,SAN_JULIAN,6,6.02475119788769,9.317361632202168,9101
gat_informer,GAT-Informer,F2,SAN JULIAN,SAN_JULIAN,7,6.168669198122198,9.554697776635425,9101
gat_informer,GAT-Informer,F2,SAN JULIAN,SAN_JULIAN,8,6.290416620888693,9.755886002333579,9101
gat_informer,GAT-Informer,F2,SAN JULIAN,SAN_JULIAN,9,6.405671676457315,9.941440179828993,9101
gat_informer,GAT-Informer,F2,SAN JULIAN,SAN_JULIAN,10,6.519654610686585,10.095625009978406,9101
gat_informer,GAT-Informer,F2,SAN JULIAN,SAN_JULIAN,11,6.611798962784683,10.212475250543337,9101
gat_informer,GAT-Informer,F2,SAN JULIAN,SAN_JULIAN,12,6.691741532158713,10.325427995889406,9101
gat_informer,GAT-Informer,F2,SAN JULIAN,SAN_JULIAN,13,6.761064061593543,10.43602242749239,9101
gat_informer,GAT-Informer,F2,SAN JULIAN,SAN_JULIAN,14,6.8343094007718195,10.529711957183437,9101
gat_informer,GAT-Informer,F2,SAN JULIAN,SAN_JULIAN,15,6.900716154585303,10.611861135136465,9101
gat_informer,GAT-Informer,F2,SAN JULIAN,SAN_JULIAN,16,6.9677848001454326,10.684300062053763,9101
gat_informer,GAT-Informer,F2,SAN JULIAN,SAN_JULIAN,17,7.015330997185057,10.749798888145571,9101
gat_informer,GAT-Informer,F2,SAN JULIAN,SAN_JULIAN,18,7.082513971743172,10.825230185018519,9101
gat_informer,GAT-Informer,F2,SAN JULIAN,SAN_JULIAN,19,7.14457704188889,10.89517427043524,9101
gat_informer,GAT-Informer,F2,SAN JULIAN,SAN_JULIAN,20,7.193121771212004,10.960585093248953,9101
gat_informer,GAT-Informer,F2,SAN JULIAN,SAN_JULIAN,21,7.228835982878698,11.014863092810947,9101
gat_informer,GAT-Informer,F2,SAN JULIAN,SAN_JULIAN,22,7.269656373208571,11.05668984913101,9101
gat_informer,GAT-Informer,F2,SAN JULIAN,SAN_JULIAN,23,7.289956706642463,11.103171920586178,9101
gat_informer,GAT-Informer,F2,SAN JULIAN,SAN_JULIAN,24,7.274736497444368,11.104485762959904,9101
gat_informer,GAT-Informer,F2,SAN MIGUEL,SAN_MIGUEL,1,3.017738199179444,4.383178022001382,9101
gat_informer,GAT-Informer,F2,SAN MIGUEL,SAN_MIGUEL,2,3.0095392185607017,4.41682729700695,9101
gat_informer,GAT-Informer,F2,SAN MIGUEL,SAN_MIGUEL,3,3.101295085082678,4.567951675031646,9101
gat_informer,GAT-Informer,F2,SAN MIGUEL,SAN_MIGUEL,4,3.2231351530879295,4.769366319177172,9101
gat_informer,GAT-Informer,F2,SAN MIGUEL,SAN_MIGUEL,5,3.351524250857159,4.979463316001308,9101
gat_informer,GAT-Informer,F2,SAN MIGUEL,SAN_MIGUEL,6,3.4590299924526016,5.167162622854335,9101
gat_informer,GAT-Informer,F2,SAN MIGUEL,SAN_MIGUEL,7,3.5493569127819744,5.323384042025044,9101
gat_informer,GAT-Informer,F2,SAN MIGUEL,SAN_MIGUEL,8,3.61762233285714,5.441745374310637,9101
gat_informer,GAT-Informer,F2,SAN MIGUEL,SAN_MIGUEL,9,3.679398022679696,5.541877570878148,9101
gat_informer,GAT-Informer,F2,SAN MIGUEL,SAN_MIGUEL,10,3.7369499838748728,5.627581719990217,9101
gat_informer,GAT-Informer,F2,SAN MIGUEL,SAN_MIGUEL,11,3.788255845099285,5.696051066972606,9101
gat_informer,GAT-Informer,F2,SAN MIGUEL,SAN_MIGUEL,12,3.836219689310751,5.755462854350094,9101
gat_informer,GAT-Informer,F2,SAN MIGUEL,SAN_MIGUEL,13,3.875108478042631,5.806217053340265,9101
gat_informer,GAT-Informer,F2,SAN MIGUEL,SAN_MIGUEL,14,3.91294185848009,5.855253015446094,9101
gat_informer,GAT-Informer,F2,SAN MIGUEL,SAN_MIGUEL,15,3.9489437268494387,5.903363569171152,9101
gat_informer,GAT-Informer,F2,SAN MIGUEL,SAN_MIGUEL,16,3.9748001570428992,5.944423054516427,9101
gat_informer,GAT-Informer,F2,SAN MIGUEL,SAN_MIGUEL,17,3.995850991420084,5.980120422027229,9101
gat_informer,GAT-Informer,F2,SAN MIGUEL,SAN_MIGUEL,18,4.012773247086276,6.005432610363795,9101
gat_informer,GAT-Informer,F2,SAN MIGUEL,SAN_MIGUEL,19,4.031777639888333,6.0274570380409065,9101
gat_informer,GAT-Informer,F2,SAN MIGUEL,SAN_MIGUEL,20,4.060881826035956,6.050674030470508,9101
gat_informer,GAT-Informer,F2,SAN MIGUEL,SAN_MIGUEL,21,4.08455548116363,6.0769347960133695,9101
gat_informer,GAT-Informer,F2,SAN MIGUEL,SAN_MIGUEL,22,4.107238643686831,6.1028200654169185,9101
gat_informer,GAT-Informer,F2,SAN MIGUEL,SAN_MIGUEL,23,4.124018298178459,6.126771656928823,9101
gat_informer,GAT-Informer,F2,SAN MIGUEL,SAN_MIGUEL,24,4.143235911892724,6.151981898166912,9101
gat_informer,GAT-Informer,F2,SANGRONIZ,SANGRONIZ,1,4.643348455908809,7.583709617745635,9101
gat_informer,GAT-Informer,F2,SANGRONIZ,SANGRONIZ,2,5.077792081801384,8.182698051888766,9101
gat_informer,GAT-Informer,F2,SANGRONIZ,SANGRONIZ,3,5.406996531018437,8.65919091814356,9101
gat_informer,GAT-Informer,F2,SANGRONIZ,SANGRONIZ,4,5.6726496299633995,9.02620156475444,9101
gat_informer,GAT-Informer,F2,SANGRONIZ,SANGRONIZ,5,5.898172942013836,9.33333379842071,9101
gat_informer,GAT-Informer,F2,SANGRONIZ,SANGRONIZ,6,6.087239359613434,9.572605504743533,9101
gat_informer,GAT-Informer,F2,SANGRONIZ,SANGRONIZ,7,6.2311265718549205,9.75739585933037,9101
gat_informer,GAT-Informer,F2,SANGRONIZ,SANGRONIZ,8,6.362160482543233,9.929496131620393,9101
gat_informer,GAT-Informer,F2,SANGRONIZ,SANGRONIZ,9,6.460685240987919,10.010527256699078,9101
gat_informer,GAT-Informer,F2,SANGRONIZ,SANGRONIZ,10,6.527726356845127,10.111194283002643,9101
gat_informer,GAT-Informer,F2,SANGRONIZ,SANGRONIZ,11,6.587803880993632,10.195873262627314,9101
gat_informer,GAT-Informer,F2,SANGRONIZ,SANGRONIZ,12,6.66366087642427,10.282754382549752,9101
gat_informer,GAT-Informer,F2,SANGRONIZ,SANGRONIZ,13,6.715368894859535,10.339532687863189,9101
gat_informer,GAT-Informer,F2,SANGRONIZ,SANGRONIZ,14,6.782600364676152,10.394635168454473,9101
gat_informer,GAT-Informer,F2,SANGRONIZ,SANGRONIZ,15,6.852118064159745,10.4546690492973,9101
gat_informer,GAT-Informer,F2,SANGRONIZ,SANGRONIZ,16,6.90984428002276,10.538957932990002,9101
gat_informer,GAT-Informer,F2,SANGRONIZ,SANGRONIZ,17,6.954294551965784,10.589050707191848,9101
gat_informer,GAT-Informer,F2,SANGRONIZ,SANGRONIZ,18,6.996207257795171,10.646684614985835,9101
gat_informer,GAT-Informer,F2,SANGRONIZ,SANGRONIZ,19,7.022187620175433,10.686663628388914,9101
gat_informer,GAT-Informer,F2,SANGRONIZ,SANGRONIZ,20,7.043626393699185,10.719526422365888,9101
gat_informer,GAT-Informer,F2,SANGRONIZ,SANGRONIZ,21,7.073969342278695,10.750844529923379,9101
gat_informer,GAT-Informer,F2,SANGRONIZ,SANGRONIZ,22,7.108259861409802,10.792641307110525,9101
gat_informer,GAT-Informer,F2,SANGRONIZ,SANGRONIZ,23,7.118512085225213,10.809731282571455,9101
gat_informer,GAT-Informer,F2,SANGRONIZ,SANGRONIZ,24,7.12255412229482,10.80325072933256,9101
gat_informer,GAT-Informer,F2,SANTURCE,SANTURCE,1,3.917544987612639,6.213067624894458,9101
gat_informer,GAT-Informer,F2,SANTURCE,SANTURCE,2,4.163404252797749,6.5889402617771795,9101
gat_informer,GAT-Informer,F2,SANTURCE,SANTURCE,3,4.352978537113384,6.906571036292798,9101
gat_informer,GAT-Informer,F2,SANTURCE,SANTURCE,4,4.530114467123111,7.190938370239491,9101
gat_informer,GAT-Informer,F2,SANTURCE,SANTURCE,5,4.6952987260750785,7.456589195497312,9101
gat_informer,GAT-Informer,F2,SANTURCE,SANTURCE,6,4.813527515983908,7.663565680581192,9101
gat_informer,GAT-Informer,F2,SANTURCE,SANTURCE,7,4.905414257435317,7.835779988230971,9101
gat_informer,GAT-Informer,F2,SANTURCE,SANTURCE,8,5.001219765947621,7.975928136215592,9101
gat_informer,GAT-Informer,F2,SANTURCE,SANTURCE,9,5.090299871824852,8.101888758362517,9101
gat_informer,GAT-Informer,F2,SANTURCE,SANTURCE,10,5.162568075055325,8.206687580056022,9101
gat_informer,GAT-Informer,F2,SANTURCE,SANTURCE,11,5.2295213739103055,8.27990651173694,9101
gat_informer,GAT-Informer,F2,SANTURCE,SANTURCE,12,5.274469528109102,8.330899283755658,9101
gat_informer,GAT-Informer,F2,SANTURCE,SANTURCE,13,5.323831829601273,8.400379330946823,9101
gat_informer,GAT-Informer,F2,SANTURCE,SANTURCE,14,5.375904797320733,8.449200167548868,9101
gat_informer,GAT-Informer,F2,SANTURCE,SANTURCE,15,5.422731183191349,8.491603956149886,9101
gat_informer,GAT-Informer,F2,SANTURCE,SANTURCE,16,5.460506287256917,8.531283151309717,9101
gat_informer,GAT-Informer,F2,SANTURCE,SANTURCE,17,5.498736152246379,8.571976287289667,9101
gat_informer,GAT-Informer,F2,SANTURCE,SANTURCE,18,5.5326029173644296,8.618151596885058,9101
gat_informer,GAT-Informer,F2,SANTURCE,SANTURCE,19,5.564840787021671,8.662595191982069,9101
gat_informer,GAT-Informer,F2,SANTURCE,SANTURCE,20,5.581706415478612,8.700120156904703,9101
gat_informer,GAT-Informer,F2,SANTURCE,SANTURCE,21,5.604247182226112,8.73499866180219,9101
gat_informer,GAT-Informer,F2,SANTURCE,SANTURCE,22,5.636199361119774,8.760433091380738,9101
gat_informer,GAT-Informer,F2,SANTURCE,SANTURCE,23,5.643220676958293,8.782706745534801,9101
gat_informer,GAT-Informer,F2,SANTURCE,SANTURCE,24,5.642869967649109,8.788946797548727,9101
gat_informer,GAT-Informer,F2,ZIERBENA (Puerto),ZIERBENA_PUERTO,1,6.693774859606074,12.086296023876915,9101
gat_informer,GAT-Informer,F2,ZIERBENA (Puerto),ZIERBENA_PUERTO,2,7.013616091513317,12.474535518070267,9101
gat_informer,GAT-Informer,F2,ZIERBENA (Puerto),ZIERBENA_PUERTO,3,7.280662234717444,12.777670426396098,9101
gat_informer,GAT-Informer,F2,ZIERBENA (Puerto),ZIERBENA_PUERTO,4,7.475997465427806,13.00907488875303,9101
gat_informer,GAT-Informer,F2,ZIERBENA (Puerto),ZIERBENA_PUERTO,5,7.625798008668791,13.203457377558253,9101
gat_informer,GAT-Informer,F2,ZIERBENA (Puerto),ZIERBENA_PUERTO,6,7.753821016864297,13.364225706030798,9101
gat_informer,GAT-Informer,F2,ZIERBENA (Puerto),ZIERBENA_PUERTO,7,7.892822059874036,13.52427195236544,9101
gat_informer,GAT-Informer,F2,ZIERBENA (Puerto),ZIERBENA_PUERTO,8,8.018885912567479,13.659291609442322,9101
gat_informer,GAT-Informer,F2,ZIERBENA (Puerto),ZIERBENA_PUERTO,9,8.133324977601967,13.771066721016442,9101
gat_informer,GAT-Informer,F2,ZIERBENA (Puerto),ZIERBENA_PUERTO,10,8.243113549852513,13.922563089051572,9101
gat_informer,GAT-Informer,F2,ZIERBENA (Puerto),ZIERBENA_PUERTO,11,8.356604418614685,14.049949981487076,9101
gat_informer,GAT-Informer,F2,ZIERBENA (Puerto),ZIERBENA_PUERTO,12,8.419171486028196,14.123466025025007,9101
gat_informer,GAT-Informer,F2,ZIERBENA (Puerto),ZIERBENA_PUERTO,13,8.47712239244851,14.193416458058886,9101
gat_informer,GAT-Informer,F2,ZIERBENA (Puerto),ZIERBENA_PUERTO,14,8.524197062264824,14.262997686537028,9101
gat_informer,GAT-Informer,F2,ZIERBENA (Puerto),ZIERBENA_PUERTO,15,8.558843665739401,14.317867048350275,9101
gat_informer,GAT-Informer,F2,ZIERBENA (Puerto),ZIERBENA_PUERTO,16,8.593418717672504,14.371947390833768,9101
gat_informer,GAT-Informer,F2,ZIERBENA (Puerto),ZIERBENA_PUERTO,17,8.615688946316261,14.393672854190699,9101
gat_informer,GAT-Informer,F2,ZIERBENA (Puerto),ZIERBENA_PUERTO,18,8.640095441010795,14.414102563010012,9101
gat_informer,GAT-Informer,F2,ZIERBENA (Puerto),ZIERBENA_PUERTO,19,8.654869846722121,14.429957880426144,9101
gat_informer,GAT-Informer,F2,ZIERBENA (Puerto),ZIERBENA_PUERTO,20,8.673159779650655,14.464443273068047,9101
gat_informer,GAT-Informer,F2,ZIERBENA (Puerto),ZIERBENA_PUERTO,21,8.708780884048517,14.50524055173707,9101
gat_informer,GAT-Informer,F2,ZIERBENA (Puerto),ZIERBENA_PUERTO,22,8.747719973682663,14.5399813781357,9101
gat_informer,GAT-Informer,F2,ZIERBENA (Puerto),ZIERBENA_PUERTO,23,8.790255678104787,14.543700011590937,9101
gat_informer,GAT-Informer,F2,ZIERBENA (Puerto),ZIERBENA_PUERTO,24,8.7874873295261,14.507837357623323,9101
